target,smiles,tanimoto_score,docking_score,score,synthesis,num_steps
C1=CC[C@H](CNc2cccc(C3=CN=CC3)c2)CCC1,Nc1ccc(CCc2ccc(NC(=O)OCCF)cc2)cc1,0.22899999999999998,-8.9,0.69,O=C(Cl)OCCF;Nc1ccc(CCc2ccc(N)cc2)cc1;R9,1
C1=NC=C(c2cccc(NC[C@@H]3CCCCNC3)c2)C1,CC(=O)c1cc(Cl)cc(Nc2cn(CC(=O)O)nc2C)c1,0.26,-8.3,0.648,CC(=O)c1cc(Cl)cc(Cl)c1;Cc1nn(CC(=O)O)cc1N;R9,1
CC(=O)CC(=O)NC(=O)CCCC[C@H]1CCCC1=C1C=C(C(N)=O)CCC1,COC(=O)c1ccc(C(=O)NC2CCCCC2=O)c(O)c1O,0.188,-9.4,0.7240000000000001,NC1CCCCC1=O;COC(=O)c1ccc(C(=O)OC)c(O)c1O;R49,1
CC(=O)N1CCOCC1,O=C(NC12CC3CC(CC(C3)C1)C2)c1ccccc1-c1nc(CNc2ccc(Cl)cc2)no1,0.053,-11.5,0.868,O=C(O)c1ccccc1C(=O)NC12CC3CC(CC(C3)C1)C2;N#CCNc1ccc(Cl)cc1;R46,1
CC(=O)NC(=O)N(C)CCCNc1cccc(-c2ccc(F)cc2O)c1,Oc1cc2ccccc2cc1OC[C@H](O)COc1ccccc1,0.179,-9.5,0.73,Oc1cc2ccccc2cc1O;c1ccc(OC[C@@H]2CO2)cc1;R22,1
CC(=O)NC[C@@H](C)c1ccc(O)c(NCC(=O)N2CCCCC2)c1,Nc1ccc(Cl)c(-c2noc(C3CCC4(CCC4)CC3)n2)c1,0.214,-9.6,0.741,O=C(O)C1CCC2(CCC2)CC1;N#Cc1cc(N)ccc1Cl;R46,1
CC(=O)Nc1ccc(O)c(OCCN[C@@H]2COC[C@@H](O)C2)c1,CCCn1c(NC(=O)/C=C/c2ccccc2)cc(=O)[nH]c1=O,0.21600000000000003,-10.2,0.787,CCCn1c(N)cc(=O)[nH]c1=O;O=C(O)/C=C/c1ccccc1;R8,1
CC(=O)Nc1ccc(O)c(OCCN[C@H](C)C=CC(=O)NCC(C)C)c1,CS(=O)(=O)NC1CC(CNc2ncnc3nn(Cc4ccccc4)cc23)C1,0.217,-10.0,0.772,N#Cc1cn(Cc2ccccc2)nc1N;CS(=O)(=O)NC1CC(CN)C1;R35,1
CC(=O)Nc1ccc(O)c(OCCN[C@H]2CCCOC2)c1,CC(=O)[C@@H]1[C@@H](C(=O)Nc2ccc(F)cc2)C1(C)C,0.257,-9.1,0.708,CCOC(=O)[C@@H]1[C@@H](C(C)=O)C1(C)C;Nc1ccc(F)cc1;R49,1
CC(=O)Nc1cccc([C@@H]2C=C3COc4ccc(CC(=O)O)cc4N3C(=O)C2)c1,O=C(Cl)CC(=O)N(CCNCc1ccccc1)Cc1ccccc1,0.187,-9.1,0.701,O=C(Cl)CC(=O)Cl;c1ccc(CNCCNCc2ccccc2)cc1;R9,1
CC(C(=O)NCCC1=NCC(C)(C)C1)=C1C=CCC(c2ccccc2)=C1,CCn1cc(Cn2cc(NC(=O)C(=O)N[C@]3(C)C[C@H]3C)cn2)cn1,0.242,-9.0,0.6990000000000001,C[C@@H]1C[C@@]1(C)N;CCn1cc(Cn2cc(N)cn2)cn1;R38,1
CC(C)(C)CCNC(=O)Cc1cccc(NCO[C@H]2CCOC(=CCN)C2)c1,CC(=O)OC[C@H](C)C(=O)Nc1ccc(C(=O)C(=O)O)cc1,0.28300000000000003,-9.0,0.703,CC(=O)OC[C@H](C)C(=O)O;Nc1ccc(C(=O)C(=O)O)cc1;R8,1
CC(C)(C)CCNc1cc(CC(=O)O)ccc1O,Cc1nc2c(C(O)Cc3ccc(CBr)cc3)cccc2o1,0.195,-10.3,0.792,BrCc1ccc(CBr)cc1;Cc1nc2c(C=O)cccc2o1;R98,1
CC(C)(C)CCNc1cc(CC(N)=O)ccc1O,COc1cccc(C(=O)NCCNC(=O)c2ccccc2)c1O,0.209,-10.2,0.7859999999999999,NCCNC(=O)c1ccccc1;COC(=O)c1cccc(OC)c1O;R49,1
CC(C)(C)NC(=O)CCNc1cccc(-c2ccc(F)c(O)c2O)c1,O=C(Nc1ccccc1C(=O)Nc1ccc(Br)cc1)OCC1c2ccccc2-c2ccccc21,0.243,-10.0,0.774,O=C(Nc1ccccc1C(=O)O)OCC1c2ccccc2-c2ccccc21;Nc1ccc(Br)cc1;R8,1
CC(C)(C)c1ccc(O)c(NCC(=O)N2CCCCC2)c1,CCc1ccccc1C=Cc1ccc(C=O)c(O)c1O,0.21600000000000003,-10.0,0.772,CCc1ccccc1CBr;O=Cc1ccc(C=O)c(O)c1O;R102,1
CC(C)(C)c1ccc(O)c(NCCN2CCCCC2=O)c1,CN(CCCNS(C)(=O)=O)C(=O)c1cccc2c1CCN2C(=O)OC(C)(C)C,0.295,-7.6,0.599,CC(C)(C)OC(=O)N1CCc2c(C(=O)O)cccc21;CNCCCNS(C)(=O)=O;R8,1
CC(C)(C)c1ccc(O)c(NCCN2CCNCC2=O)c1,COC(=O)c1ccc(C(=O)NCCN2CCCc3ccccc32)cc1,0.294,-10.0,0.779,COC(=O)c1ccc(C(=O)OC)cc1;NCCN1CCCc2ccccc21;R49,1
CC(C)(CO)CCN[C@@H]1CCCN(C(=O)CCc2ccccc2)C1,CC1=C(C)CC(NC(=O)OC(C)(C)C)(C(=O)NCC(=O)Nc2cccc(C#N)c2)C1,0.261,-9.6,0.746,CC1=C(C)CC(NC(=O)OC(C)(C)C)(C(=O)O)C1;N#Cc1cccc(NC(=O)CN)c1;R8,1
CC(C)(O)C1=CC=C2C=c3ccc4c(c3=C2C1)CCCC4,CC1(C)CC(CO)(CNC(=O)C2CCCCCN2)C1,0.16699999999999998,-7.9,0.609,COC(=O)C1CCCCCN1;CC1(C)CC(CN)(CO)C1;R49,1
CC(C)=Cc1cccnc1,CC(=O)CC(=O)Oc1ccc(-c2ccc(OC(C)=O)cc2)cc1,0.083,-8.9,0.6759999999999999,CCOC(C)=O;CC(=O)Oc1ccc(-c2ccc(OC(C)=O)cc2)cc1;R94,1
CC(C)CCCc1cccc(CCNCC(=O)c2cccc(CNC(=O)CO)c2)c1,O=C(O)Cn1cnc2c(Nc3ccnc(CO)c3)ncnc21,0.18100000000000002,-8.2,0.633,NCC(=O)O;Nc1ccnc(CO)c1;R66,1
CC(C)CCO,CC(C)(C)OCC(=O)C=Cc1ccc(C=O)cc1,0.048,-8.0,0.605,CC(=O)COC(C)(C)C;O=Cc1ccc(C=O)cc1;R3,1
CC(C)CNCCc1cccc(C(N)=O)c1,Cc1ccccc1-c1nc2ccc(N3C(=O)CNC3=S)cc2s1,0.134,-10.7,0.816,Cc1ccccc1B(O)O;Nc1ccc2nc(Cl)sc2c1;R50;COC(=O)CN=C=S;R25,2
CC(C)C[C@@H](C)NC(=O)Cc1cccc(NCO[C@H]2CCOC(=CCN)C2)c1,C=C(CCOC(C)=O)C(=O)OC(C)(C(=O)O)c1cc(C)c(C)cc1Cl,0.259,-8.0,0.626,C=C(CCOC(C)=O)C(=O)O;CC(=O)c1cc(C)c(C)cc1Cl;R71,1
CC(C)NC(=O)c1cccc(NCC2=NCN(C)C2)c1,CN(CC(=O)CSc1ccc(CN2CCNCC2)cc1)C(=O)OC(C)(C)C,0.247,-8.7,0.677,CN(CC(=O)CBr)C(=O)OC(C)(C)C;Brc1ccc(CN2CCNCC2)cc1;R21,1
CC1(C)CCN(CC=Cc2cc(F)ccc2[C@H]2CCC[C@@H]2N)N1,O=C1OC(c2ccc(-c3ccccc3)cc2)=NC1=C[C@@H]1C[C@@H]1c1nc2cc3c(cc2[nH]1)OC(F)(F)O3,0.281,-12.9,0.9279999999999999,O=C1OC(=O)[C@@H]2C[C@H]12;Nc1cc2c(cc1N)OC(F)(F)O2;R19;O=C(O)CNC(=O)c1ccc(-c2ccccc2)cc1;R5,2
CC1(C)CCN[C@@H](CCOc2cccc([C@@H]3CN=C(N)N3)c2)C1,CCOC(=O)C(CC(=O)c1ccc(Cl)cc1)C(C)NCCCCCCCCN,0.29600000000000004,-8.7,0.682,NCCCCCCCCN;CCOC(=O)C(CC(=O)c1ccc(Cl)cc1)C(C)=O;R43,1
CC1=CC=C2CNC(=O)C=C2C1,NNC(=O)CCNC(=O)C(=O)Nc1nc(-c2ccccc2Cl)cs1,0.187,-9.3,0.716,Nc1nc(-c2ccccc2Cl)cs1;NCCC(=O)NN;R38,1
CC1=CC=CCN1CCCOc1cc(C(N)=O)c(O)cc1CO,CC(=O)O[C@@H]1C[C@@H]1c1nc(-c2c(F)ccc(N)c2N)no1,0.223,-8.8,0.682,CC(=O)O[C@@H]1C[C@@H]1C(=O)O;N#Cc1c(F)ccc(N)c1N;R46,1
CC1=NN(CC=Cc2cc(F)ccc2[C@H]2CCC[C@@H]2N)C2=NN=C[C@@H]12,FC1(F)Oc2cc3c(cc2O1)nc(-c1ccccc1)N3,0.221,-10.4,0.802,O=C(O)c1ccccc1;Nc1cc2c(cc1N)OC(F)(F)O2;R19,1
CC1=NN(CC=Cc2cc(F)ccc2[C@H]2CCC[C@@H]2N)C2=NNNC12,CC(C)(COc1ccc(Cl)c(I)c1)c1ccccc1,0.192,-8.7,0.672,Oc1ccc(Cl)c(I)c1;CC(C)(CBr)c1ccccc1;R56,1
CC1C=CC=C(CCNCC(=O)c2cccc(CNC(=O)CO)c2)C1=O,CC(=O)OCCNC1=Nc2c(c(=O)[nH]c(=O)n2Cc2ccccc2)N1CC(C)C,0.265,-8.9,0.6940000000000001,CC(=O)OCCN;CC(C)CNc1c(N)n(Cc2ccccc2)c(=O)[nH]c1=O;R73,1
CC1CCN(C(=O)CCNc2cccc(-c3ccc(F)cc3O)c2)CC1,O=C(Nc1ncccn1)C1CC12CCOCC2,0.177,-9.0,0.693,Nc1ncccn1;O=C(O)C1CC12CCOCC2;R8,1
CCC(=O)NCC(=O)N1CCOc2ccc(CC(=O)O)cc21,O=C(C(O)Cc1nnc(-c2ccccc2[N+](=O)[O-])o1)C(F)(F)F,0.264,-9.4,0.731,O=CC(=O)C(F)(F)F;O=[N+]([O-])c1ccccc1-c1nnc(CCl)o1;R98,1
CCC(=O)OC[C@@H](CC)CCNCCCO,CC(Nc1ccc(Cl)cc1C(=O)c1c(F)cccc1F)C1CCCCC1,0.086,-9.6,0.7290000000000001,CC(=O)C1CCCCC1;Nc1ccc(Cl)cc1C(=O)c1c(F)cccc1F;R43,1
CCC(=O)OC[C@@H](CC)CCNCc1ccccc1,CCCC(O)(CC(=O)C1CC1)c1ccc(C(=O)NN)cc1C,0.161,-8.1,0.624,CCCC(=O)CC(=O)C1CC1;Cc1cc(C(=O)NN)ccc1Br;R98,1
CCCC=CC=CCOCCCNc1cccc(-c2ccc(F)c(N)c2F)c1,FC(F)(F)c1ccc(Oc2ccc(Nc3ccccc3)cn2)cc1,0.16399999999999998,-10.6,0.8109999999999999,CC(=O)OI(OC(C)=O)c1ccccc1;Nc1ccc(Oc2ccc(C(F)(F)F)cc2)nc1;R9,1
CCCC=CCNC(N)=O,C[C@H](OC(=O)C=CC1CC(C(=O)OC(C)(C)C)C1)C(=O)O,0.084,-8.4,0.638,CC(=O)O[C@@H](C)C(=O)O;CC(C)(C)OC(=O)C1CC(C=O)C1;R3,1
CCCCCCCCCC(=O)NC(=O)c1cccc(OC)c1,CC(=O)C(O)C(c1ccccc1)c1ccccc1,0.18,-8.6,0.6629999999999999,CC(=O)C=O;ClC(c1ccccc1)c1ccccc1;R98,1
CCCCCCC[C@H](C)CC=Nn1ccc2cc([C@@H](C)O)ccc21,BrCc1nc(Br)cc(Sc2nnc(C3CCCCC3)o2)n1,0.18100000000000002,-9.6,0.738,BrCc1nc(Br)cc(Br)n1;Sc1nnc(C2CCCCC2)o1;R56,1
CCCCCCNc1cc(OC)c(O)cc1C(F)(F)F,CCOC(=O)c1c(C)n[nH]c1NC(=O)C(=O)Nc1ccc(F)c(C#N)c1,0.267,-10.3,0.799,N#Cc1cc(N)ccc1F;CCOC(=O)c1c(C)n[nH]c1N;R38,1
CCCCCNC(=O)CCNC(=O)c1ccc(CO)c(CCNCCCO)c1,CC(C)Cn1c(=O)[nH]c(=O)c2c1nc(-c1ccc(-c3ccccc3)cc1)N2,0.213,-11.4,0.8759999999999999,O=C(O)c1ccc(-c2ccccc2)cc1;CC(C)Cn1c(N)c(N)c(=O)[nH]c1=O;R19,1
CCCCCNC(=O)CCNC(=O)c1ccc(CO)c(CCNNC(C)=O)c1,CC(N)C(C)OC(=O)C1(C)CC(NC(=O)OCC2c3ccccc3-c3ccccc32)C1,0.23,-8.9,0.691,CC(N)C(C)O;CC1(C(=O)O)CC(NC(=O)OCC2c3ccccc3-c3ccccc32)C1;R72,1
CCCCCNC(=O)CCNC(=O)c1ccc(CO)c(CCNNC2CCCC2)c1,CCCC(CSc1ccc(C)c(N=C=O)c1)Nc1cccc(C)c1,0.19399999999999998,-8.9,0.687,Cc1cccc(N)c1;CCCC(=O)CCl;R43;Cc1ccc(Br)cc1N=C=O;R21,2
CCCCCNc1cc(CC(=O)NC)ccc1O,O=C1CC(NC=C2C(=O)N(Cc3ccccc3)C(=O)c3ccccc32)C1,0.23199999999999998,-9.4,0.728,NC1CC(=O)C1;CCOC=C1C(=O)N(Cc2ccccc2)C(=O)c2ccccc21;R7,1
CCCCCOC(=O)Nc1cc(F)c(F)c(CCCNC(N)=O)c1,O=C(CNc1nc(Cl)nc(Cl)n1)OCC1c2ccccc2-c2ccccc21,0.244,-10.1,0.782,Clc1nc(Cl)nc(Cl)n1;NCC(=O)OCC1c2ccccc2-c2ccccc21;R9,1
CCCCNCCCc1cc(C(=O)NCCC(=O)N2CC[C@H](O)C2)ccc1CO,CS(=O)(=O)c1cccc(F)c1NC(=O)CCOC(=O)C=Cc1cnc2c(c1)CCCC2,0.28300000000000003,-10.1,0.7859999999999999,CC(=O)OCCC(=O)O;CS(=O)(=O)c1cccc(F)c1N;R8;O=Cc1cnc2c(c1)CCCC2;R3,2
CCCCNCCc1cc(C(=O)NCCCN2CC[C@H](C)C2)ccc1CO,O=C(O)CS(=O)(=O)CC(=O)Nc1cc(F)c(C(F)(F)F)cc1O,0.198,-9.2,0.71,COC(=O)CS(=O)(=O)CC(=O)O;Nc1cc(F)c(C(F)(F)F)cc1O;R49,1
CCCCNCCc1cc(C(=O)NCCO)ccc1CO,O=C(/C=C/c1ccc2c(c1)COCC2)OCC(=O)c1ccc(OC2CCCC(O)CCC2)cc1,0.28800000000000003,-11.4,0.884,OC1CCCC(O)CCC1;O=C(CCl)c1ccc(Cl)cc1;R56;O=C(O)/C=C/c1ccc2c(c1)COCC2;R31,2
CCCCNCCc1cccc(C(=O)NC)c1,CCOC(=O)/C=C/C(=O)NCC(=O)NCCF,0.128,-6.8,0.523,NCC(=O)NCCF;CCOC(=O)/C=C/C(=O)OCC;R49,1
CCCCNC[C@H](NC(C)=O)c1c(F)ccc(NC(=O)c2ccc(O)cc2F)c1F,COC(=O)c1cc(Nc2ncnc3c2ncn3[C@H]2C[C@@H](C(=O)O)C2)c(C(=O)OC)cn1,0.391,-8.5,0.677,N[C@H]1C[C@@H](C(=O)O)C1;COC(=O)c1cc(N)c(C(=O)OC)cn1;R66,1
CCCC[C@@H](C)CNC(=O)CN(CC)CCCCOc1cccc(C(=O)NC)c1,CC(C=C(CCc1ccccc1)Cc1ccccc1)CO,0.16,-8.8,0.6759999999999999,CC(CO)CBr;O=C(CCc1ccccc1)Cc1ccccc1;R102,1
CCCCc1cc(=O)[nH]c(C2=CC(=O)C(Cc3cccc(F)c3)=C2)n1,CC(C)c1ccc2c(c1)nc(C(F)(F)F)N2,0.214,-8.4,0.6509999999999999,CC1(C)CC(C)(CO)C1;O=C([O-])C(F)(F)F;CC(C)c1ccc(N)c(N)c1;R19,1
CCCCc1cc(=O)[nH]c(C2=CC(=O)C(Cc3ccccc3)=C2)n1,CCOC(=O)C(F)C(=O)Nc1ccc(C(N)=O)cc1,0.215,-8.4,0.6509999999999999,CCOC(=O)C(F)C(=O)OCC;NC(=O)c1ccc(N)cc1;R49,1
CCCN1CCC[C@@H](C)C1,Cc1cc(O)ccc1C(C)(O)CC(=O)N1CCN(C(=O)OC(C)(C)C)CC1,0.09,-8.3,0.632,CC(C)(C)OC(=O)N1CCN(C(=O)CCl)CC1;CC(=O)c1ccc(O)cc1C;R98,1
CCCNC1=NCC(c2ccccc2O)=N1,CC(=O)C(Cl)C(=O)CC(=O)OCCCNC(=O)Nc1nnc(C)o1,0.175,-9.4,0.723,Cc1nnc(N)o1;CC(=O)OCCCN=C=O;R106;CCOC(=O)C(Cl)C(C)=O;R94,2
CCCNCCCc1cc(C(=O)NCCC(=O)N2CC[C@H](O)C2)ccc1CO,CC(C)(C)NC(=O)c1ccccc1C(=O)OCCCCCCCCCBr,0.36,-7.6,0.606,BrCCCCCCCCCBr;CC(C)(C)NC(=O)c1ccccc1C(=O)O;R31,1
CCCNNCCc1cc(C(=O)NCCC(=O)NCCCCC(=O)O)ccc1CO,O=S(=O)(C=Cc1cccn1Cc1ccccc1)OCC1CCCCCC1,0.19699999999999998,-9.3,0.7170000000000001,CS(=O)(=O)OCC1CCCCCC1;O=Cc1cccn1Cc1ccccc1;R3,1
CCCNc1nsc(-c2cc(Cl)ccc2O)n1,Cc1ccc([N+](=O)[O-])cc1OCCCNC(CO)CCO,0.187,-8.0,0.619,OCCC1CO1;Cc1ccc([N+](=O)[O-])cc1OCCCN;R58,1
CCN(C)CCOc1cc(NC(C)=O)ccc1O,O=C(O)CC(CC(=O)Nc1ccc(OC2CCOCC2)cc1)C(F)(F)F,0.389,-10.1,0.7959999999999999,O=C1CC(C(F)(F)F)CC(=O)O1;Nc1ccc(OC2CCOCC2)cc1;R44,1
CCN(CC=Cc1cc(F)ccc1[C@H]1CCC[C@@H]1N)NC,C[C@@H](NC(=O)NCCc1ccc2c(c1)OCO2)c1ccc(O)cc1,0.237,-10.0,0.774,C[C@@H](N)c1ccc(O)cc1;O=C=NCCc1ccc2c(c1)OCO2;R106,1
CCN(CCCCOc1cccc(C(=O)NC)c1)C(=O)CCC(=O)OC,Cc1nnc(Nc2ccc(N3CCC(Br)C3=O)c(F)c2)n1C,0.20800000000000002,-9.2,0.711,Cc1nnc(N)n1C;O=C1C(Br)CCN1c1ccc(Cl)cc1F;R9,1
CCN(CCCCOc1cccc(C(=O)NC)c1)CCCC(=O)OC,Nc1ccc(Cl)cc1NC(=O)C(=O)Nc1cccc2cccc(F)c12,0.163,-10.3,0.789,Nc1cccc2cccc(F)c12;Nc1ccc(Cl)cc1N;R38,1
CCNC(=N)NCCc1ccc2c(c1)cc([C@H]1C=CC=CC1)c1ccc(C)cc12,COC(=O)c1cc(Cl)cc(CC(O)c2ccc(C)cc2Cl)c1,0.2,-10.3,0.792,COC(=O)c1cc(Cl)cc(CCl)c1;Cc1ccc(C=O)c(Cl)c1;R98,1
CCNN(C)CC=Cc1cc(F)ccc1[C@H]1CCC[C@@H]1N,O=C(NCc1ccc([N+](=O)[O-])cc1)NCc1ccc(F)nc1F,0.203,-9.6,0.74,O=C=NCc1ccc([N+](=O)[O-])cc1;NCc1ccc(F)nc1F;R106,1
CCOCCCCCOc1cc(C(N)=O)c(O)cc1CO,C#CC(=O)OC(=O)C#CCc1ccc(Cc2ccccc2)cc1,0.149,-9.7,0.742,C#CC(=O)OC(=O)C#C;ClCc1ccc(Cc2ccccc2)cc1;R100,1
CCOCNC(C)=O,COC1[C@@H](OC(=O)c2ccc(OC(C)=O)cc2)C[C@@H]1O,0.049,-8.1,0.612,COC1[C@@H](O)C[C@@H]1O;CC(=O)Oc1ccc(C(=O)O)cc1;R72,1
CC[C@@H](C)[C@@H](O)CCNc1cc(OC)c(O)cc1C(F)(F)F,COc1cc(C)cc(OC)c1C=C(C(=O)O)c1ccc(CNC(=O)OC(C)(C)C)cc1,0.257,-7.8,0.611,COc1cc(C)cc(OC)c1C=O;CC(C)(C)OC(=O)NCc1ccc(CC(=O)O)cc1;R3,1
CC[C@@H](CCCCNCCCc1cccc(-c2ccccc2)c1)C(=O)NCCCN,CC(=O)[C@]12CCC[C@@H]1C(=O)NC2=O,0.304,-7.6,0.6,CO[C@@H](COC(C)=O)C(=O)O;O=C1NC(=O)[C@@H]2CCC[C@H]12;R94,1
CC[C@@H](CCCCNCCCc1cccc(-c2ccccc2)c1)C(=O)NCCO,Nc1nnc2cc(Oc3ccc4c(c3)C(=O)C(=O)N4)ccn12,0.201,-9.6,0.74,O=C1Nc2ccc(O)cc2C1=O;Nc1nnc2cc(Br)ccn12;R56,1
CC[C@@H](CCCC[C@H]1CCCC1=C1C=C(C(N)=O)CCC1)NCCC(=O)OC,O=C(O)[C@@H]1C[C@H](C(=O)O)C[C@H](C(=O)NC2(C(=O)O)CCN(Cc3ccccc3)CC2)C1,0.233,-8.9,0.691,NC1(C(=O)O)CCN(Cc2ccccc2)CC1;O=C(O)[C@H]1C[C@@H](C(=O)O)C[C@@H](C(=O)O)C1;R8,1
CC[C@@H](CCCNCCC(C)(C)C)CCC(N)=O,Cc1cc(C=CCOC(=O)C(C)C)ccc1N,0.066,-8.1,0.614,C=CCOC(=O)C(C)C;Cc1cc(Br)ccc1N;R96,1
CC[C@H](CCNC(N)=O)CNCC1CCCCC1,CCCCCCCCCCCC(=O)Nc1nc(N)[nH]c(=O)c1I,0.09300000000000001,-8.0,0.609,Nc1nc(N)c(I)c(=O)[nH]1;CCCCCCCCCCCC(=O)Cl;R57,1
CC[C@H](CCNC(N)=O)CNCC1CCN(C)CC1,C#CCOC(=O)[C@@H](Nc1ncnc2c1ncn2Cc1cc(Br)ccc1F)C(C)C,0.075,-9.2,0.698,NCc1cc(Br)ccc1F;C#CCOC(=O)[C@@H](N)C(C)C;R66,1
CN(CCC(N)=O)C(=O)CCCN(C=CCNC(=O)c1ccccc1)C(=O)O,COC1=CC(=O)C(=Cc2cccc(Oc3ccc(NC(=O)OC(C)(C)C)cc3)c2)C1,0.205,-10.8,0.831,CC(C)(C)OC(=O)Nc1ccc(Oc2cccc(C=O)c2)cc1;COC1=CC(=O)CC1;R3,1
CN(CCCOc1cccc(CC(=O)O)c1)C(=O)c1ccc(O)cc1,CCOc1ccc(OCC)c(Nc2cccc(C(=O)OC(C)(C)C)c2)c1,0.251,-9.7,0.753,CCOc1ccc(OCC)c(N)c1;CC(C)(C)OC(=O)c1cccc(Br)c1;R103,1
CN(CCCOc1cccc(CC(=O)O)c1)C(=O)c1ccccc1,C#CCN(C)C(=O)NCc1ccc(-c2cccc(OC)c2)cc1,0.305,-9.0,0.706,COc1cccc(-c2ccc(CN)cc2)c1;C#CCN(C)C(=O)Cl;R9,1
CN(CCCOc1cccc(CC(=O)O)c1)Cc1ccccc1F,CC(=O)OCCCCCCn1cnc2c(NC3COCCOC3)ncnc21,0.177,-9.0,0.693,NC1COCCOC1;CC(=O)OCCCCCCN;R66,1
CN(CCCOc1cccc(CC(=O)O)c1)c1cccc2ccccc12,O=C(CC(=O)C(Cl)Cl)Oc1ccc(-c2ccc(C(=O)O)cc2)cc1,0.261,-9.2,0.716,CCOC(=O)C(Cl)Cl;CC(=O)Oc1ccc(-c2ccc(C(=O)O)cc2)cc1;R94,1
CN(CCCOc1cccc(CC(=O)O)c1)c1ccccc1C=Cc1ccccc1,CCS(=O)(=O)NC(=O)CCNc1cc(C)cc(C)c1,0.273,-8.7,0.68,CCS(N)(=O)=O;Cc1cc(C)cc(NCCC(=O)O)c1;R8,1
CN1C=CC=C(CNC(=O)CCN2CCN(C3=NN=C(c4ccccc4)C3)C2=O)C1,Cc1ccc(OCC(O)COc2ccc(CNC3CCCCC3)cc2)c(C)c1,0.198,-10.3,0.792,Cc1ccc(OCC2CO2)c(C)c1;Oc1ccc(CNC2CCCCC2)cc1;R22,1
CN1CC(Cc2cccc(F)c2)=Cc2cnc(Nc3cc(C(N)=O)ccc3Cl)nc21,CC(=O)OCc1ccccc1-c1noc(C(C)CC(C)(C)C)n1,0.29100000000000004,-9.5,0.742,CC(=O)OCc1ccccc1C#N;CC(CC(C)(C)C)C(=O)O;R46,1
CN1CCN(C2=NN=C(c3ccccc3)C2)C1=O,CN1C(=O)C(O)(Cc2ccc(CCl)cc2)c2ccccc21,0.32,-9.8,0.767,CN1C(=O)C(=O)c2ccccc21;ClCc1ccc(CCl)cc1;R98,1
CN1CCc2ccc(O)cc2C1=O,COC(=O)c1ccccc1NC(=O)NCc1ccc(CN)o1,0.228,-9.4,0.728,NCc1ccc(CN)o1;COC(=O)c1ccccc1N=C=O;R106,1
CNC(=O)C=C1CC[C@](C)(CCN[C@@H]2CCCN(C(=O)CCc3ccccc3)C2)C1,Cc1ccoc1-c1nnc(C(F)(Cl)Cl)o1,0.18899999999999997,-7.4,0.574,O=C(O)C(F)(Cl)Cl;Cc1ccoc1C(=O)NN;R51,1
CNC(=O)CCc1ccc(O)c(-c2cc(C)c3cc(C)c(C)cc3n2)c1,CC(=O)Nc1cc(F)cc(F)c1C,0.18100000000000002,-7.5,0.581,CC(=O)O;Cc1c(N)cc(F)cc1F;R8,1
CNC(=O)CCc1ccc(O)c(-c2cc(C)c3ccc(C)cc3n2)c1,COC(=O)c1cccc(-c2nc3c(O)cccc3O2)c1,0.365,-10.2,0.802,COC(=O)c1cccc(C(=O)OC)c1;Nc1c(O)cccc1O;R19,1
CNC(=O)Cc1ccc(O)c(NCCC(C)(C)C)c1,CCC(O)c1ccc(NC(=O)OC(C)(C)C)c(F)c1,0.248,-8.6,0.67,CCC=O;CC(C)(C)OC(=O)Nc1ccc(Cl)cc1F;R98,1
CNC(=O)NCC[C@H](CO)CCCC[C@H](C)CC(=O)NC(=O)c1cccc(OC)c1,CCCCCCC(C)(O)c1ccnc(F)c1S(=O)(=O)Cl,0.20199999999999999,-7.4,0.575,CCCCCCC(C)=O;O=S(=O)(Cl)c1c(Cl)ccnc1F;R98,1
CNC(=O)c1cccc(C=O)c1,CCc1cnc(C=Cc2ccc(C(N)=O)cc2)nc1,0.278,-9.2,0.718,CCc1cnc(C=O)nc1;NC(=O)c1ccc(CCl)cc1;R102,1
CNCCCN1CC[C@H](NC(=O)[C@H]2CC[C@@H](NCCc3ccc(F)cc3)C2)C1,Cc1cc(NC(CO)COc2ccc([N+](=O)[O-])cc2[N+](=O)[O-])cc(C)n1,0.192,-8.2,0.634,Cc1cc(N)cc(C)n1;O=[N+]([O-])c1ccc(OCC2CO2)c([N+](=O)[O-])c1;R58,1
CNCCCNC(=O)CCCN(C=CCNC(=O)c1ccccc1)C(=O)O,CC(C)(CC(=O)OC(C)(C)C)NC(=O)C(=O)NCC1CCC2(CC2)C1,0.185,-9.4,0.7240000000000001,CC(C)(N)CC(=O)OC(C)(C)C;NCC1CCC2(CC2)C1;R38,1
CNCc1cccc(OCCCNC(C)=O)c1,CCOC(=O)N1CCC(C(C)NC(=O)Cc2cccc(C(F)(F)F)c2)CC1,0.19699999999999998,-10.0,0.77,O=C(O)Cc1cccc(C(F)(F)F)c1;CCOC(=O)N1CCC(C(C)N)CC1;R8,1
CNCc1cccc(OCCCNC(C)C)c1,CC(=O)Oc1ccc(CNc2ccc3[nH]c4ccc(Br)cc4c3c2)cc1,0.251,-10.8,0.835,Brc1ccc2[nH]c3ccc(Br)cc3c2c1;CC(=O)Oc1ccc(CN)cc1;R9,1
CNc1ncnc2ccc(O[C@@H]3CCC4(CCCC4)OC3)cc12,COC(=O)C(Cl)C(C)(O)C(C)C(=O)Nc1ccc(S(=O)(=O)Nc2ncccn2)cc1,0.28300000000000003,-9.0,0.703,COC(=O)C(Cl)C(C)=O;CC(Cl)C(=O)Nc1ccc(S(=O)(=O)Nc2ncccn2)cc1;R98,1
CNc1ncnc2ccc(O[C@@H]3CCC4(CCCCC4)OC3)cc12,O=C(Cc1ccc(F)cc1F)c1cc(Br)ccc1Cl,0.172,-9.3,0.715,Fc1ccc(CCl)c(F)c1;N#Cc1cc(Br)ccc1Cl;R97,1
CNc1ncnc2ccc(O[C@@H]3CC[C@@]4(CCc5cccc(C)c54)OC3)cc12,CC1CC(C)CC(O)(CC(=O)CC2CCCC23CC3)C1,0.13,-9.1,0.695,CC1CC(=O)CC(C)C1;O=C(CCl)CC1CCCC12CC2;R98,1
COC(=O)CCCCc1nc(O)c2ccc(C(F)(F)F)cc2n1,O=C(NC(=O)OCC(F)(F)F)NC1(c2ccccc2)COC1,0.21899999999999997,-9.5,0.7340000000000001,O=C(NC(=O)OCC(F)(F)F)OCC(F)(F)F;NC1(c2ccccc2)COC1;R26,1
COC(=O)NCCCC(=O)NCCC1=CC=C(Cc2ccccc2)C1,CNC(=O)c1cc(C)ccc1NCc1cccc(Oc2ccccc2)c1,0.2,-11.7,0.898,CNC(=O)c1cc(C)ccc1N;O=Cc1cccc(Oc2ccccc2)c1;R43,1
COC(=O)Nc1cc(F)c(F)c(CCCNC(N)=O)c1,CCCNC(=O)CNC(=O)N(CC(=O)OC)CC(=O)OC(C)(C)C,0.153,-7.7,0.593,COC(=O)CNCC(=O)OC(C)(C)C;CCCNC(=O)CN;R36,1
COC(=O)Nc1cccc([C@@H]2C=C3COc4ccc(CC(=O)O)cc4N3C(=O)C2)c1,CC(=O)c1ccccc1C(=O)C=Cc1c(Cl)[nH]c2ccccc12,0.319,-10.2,0.797,CC(=O)c1ccccc1C(C)=O;O=Cc1c(Cl)[nH]c2ccccc12;R3,1
COC(=O)[C@H](O)CNC(=O)CCCC[C@H]1CCCC1=C1C=C(C(N)=O)CCC1,Cc1ccc(C=CC(=O)Nc2ccc(C)c(N)c2)cc1C,0.153,-10.5,0.8029999999999999,Cc1ccc(C=O)cc1C;CC(=O)Nc1ccc(C)c(N)c1;R3,1
COC=C1C[C@@H](OCNc2cccc(CC(=O)NCc3cccc(O)c3)c2)CCO1,COC(C)(C)CC(NC(=O)OCC1c2ccccc2-c2ccccc21)C(=O)NCCCSc1ccccn1,0.27,-9.3,0.7240000000000001,NCCCSc1ccccn1;COC(C)(C)CC(NC(=O)OCC1c2ccccc2-c2ccccc21)C(=O)O;R8,1
COC=C1C[C@@H](OCNc2cccc(CC(=O)NCc3ccccc3)c2)CCO1,CC1NC(C)C(C)N(C(=O)C(=O)NCCC2(C(=O)O)CCCC2)C1C,0.16699999999999998,-8.7,0.669,CC1NC(C)C(C)NC1C;NCCC1(C(=O)O)CCCC1;R38,1
COC=C1C[C@@H](OCNc2ccccc2)CCO1,CCCNCC(C)(c1ccccc1)c1ccccc1,0.11699999999999999,-8.6,0.657,CCC=O;CC(CN)(c1ccccc1)c1ccccc1;R43,1
COCCN1CC[C@H](NC(=O)[C@H]2CC[C@@H](NCCc3ccc(F)cc3)C2)C1,Cc1cc(F)cc(NC(=O)c2cc(Cl)nnc2Cl)c1,0.222,-9.9,0.765,O=C(Cl)c1cc(Cl)nnc1Cl;Cc1cc(N)cc(F)c1;R57,1
CO[C@@H]1CCN(C(=O)CCCN(C=CCNC(=O)c2ccccc2)C(=O)O)C1,NC(=O)CCCCNC(=O)Nc1nc(-c2ccc(F)cc2)cs1,0.204,-9.0,0.695,NCCCCC(N)=O;Nc1nc(-c2ccc(F)cc2)cs1;R36,1
COc1cc(C)c2ccc(C(=O)O)c(F)c2c1,COc1ccc(-c2nnc(S(=O)C3CN4CCN3CC4)[nH]c2=O)cc1,0.20800000000000002,-8.8,0.6809999999999999,ClC1CN2CCN1CC2;COc1ccc(-c2nnc(S)[nH]c2=O)cc1;R42,1
COc1cc(F)cc(CCC(=O)N2CCCC2)c1,O=C(OCOC1CCC1c1ccccc1)c1ccccc1,0.213,-9.3,0.7190000000000001,O=C(OCCl)c1ccccc1;OC1CCC1c1ccccc1;R56,1
COc1cc(NCC[C@H](N)C(C)C)c(C(F)(F)F)cc1O,Cc1cccc(COC(=O)C2=CCN(C(=O)OC(C)(C)C)CC2)c1NC(=O)C(F)F,0.276,-9.8,0.763,O=C(O)C(F)F;Cc1cccc(CO)c1N;R8;CC(C)(C)OC(=O)N1CC=C(C(=O)O)CC1;R72,2
COc1cc(NCC[C@H](O)C2CCCCC2)c(C(F)(F)F)cc1O,O=C(Cl)C1CC(C2(O)CC(c3cccnc3)CC2=O)C1,0.22,-9.0,0.6970000000000001,O=C(Cl)C1CC(Cl)C1;O=C1CC(c2cccnc2)CC1=O;R98,1
COc1ccc(F)c(NC(=O)Oc2ccccc2)c1,COC(=O)C(C)C(=O)C=Cc1c(Cl)cccc1-n1cccn1,0.174,-8.0,0.617,COC(=O)C(C)C(C)=O;O=Cc1c(Cl)cccc1-n1cccn1;R3,1
COc1ccc(F)c(OC)c1,CC(=Cc1cccc(C(F)(F)F)c1)CNC1(C(=O)OC(C)(C)C)CC1,0.081,-9.4,0.713,CC(C)(C)OC(=O)C1(N)CC1;CC(C=O)=Cc1cccc(C(F)(F)F)c1;R43,1
COc1ccc(OCCN)cc1NC(=O)CN1CCCC1,CC(=O)OCCOC1(C(=O)O)CCCCC1c1cccc(C)c1,0.19699999999999998,-8.3,0.642,CC(=O)OCCO;Cc1cccc(C2CCCCC2=O)c1;R71,1
COc1ccc(OCCN)cc1NCCCN(C)C,CCC(C)N(CC(O)COc1cccc(Cl)c1)C(=O)Nc1ccc(F)cc1,0.278,-9.3,0.725,O=C(Nc1ccc(F)cc1)OCC(F)(F)F;CCC(C)NCC(O)COc1cccc(Cl)c1;R26,1
COc1ccc(OCCN)cc1NCC[C@@H]1CCCN1C,O=C(Cl)N1CC(OCc2ccc(-c3ccccc3)cc2)C1,0.14300000000000002,-9.5,0.727,O=C(Cl)N1CC(Cl)C1;OCc1ccc(-c2ccccc2)cc1;R56,1
COc1ccc(OCCOCCO)cc1NCC(=O)N[C@H](C)c1ccncc1,Cc1ccc(C(=O)CNC(=O)C2(NC(=O)OC(C)(C)C)CCC(C)(C)C2)cc1,0.233,-9.7,0.7509999999999999,CC1(C)CCC(NC(=O)OC(C)(C)C)(C(=O)O)C1;Cc1ccc(C(=O)CN)cc1;R8,1
COc1ccc2c3c(ccc2c1)CCN(C)C3,Nc1ncnc2c1ncn2CCCOC(=O)c1ccc(-c2ccc(-c3ccccc3)cc2)s1,0.207,-10.7,0.823,Nc1ncnc2c1ncn2CCCO;O=C(O)c1ccc(-c2ccc(-c3ccccc3)cc2)s1;R72,1
COc1cccc(C(=O)NC(=O)c2ccccc2)c1,CNC(=O)c1ccc(C=CC(=O)OC2CNC2)c(O)c1,0.424,-8.4,0.672,CC(=O)OC1CNC1;CNC(=O)c1ccc(C=O)c(O)c1;R3,1
COc1cccc(C(=O)NCCCCN2CCOCC2)c1,COC(=O)C(C)NC(=S)NCc1cc(C)ccc1Cl,0.23600000000000002,-7.9,0.616,COC(=O)C(C)N=C=S;Cc1ccc(Cl)c(CN)c1;R4,1
COc1cccc(C(=O)NCc2ccncc2)c1,O=Cc1ccccc1-n1cnc2c(NC(C(=O)O)c3cc(F)ccc3F)ncnc21,0.188,-10.1,0.7759999999999999,Nc1ccccc1C=O;NC(C(=O)O)c1cc(F)ccc1F;R66,1
C[C@@H](CCO)CNc1cc(-c2ccccc2F)c(O)cc1O,CC(C)(C)c1ccc(NC(CC=O)c2cc(F)cc(F)c2)cc1,0.259,-9.3,0.723,CC(C)(C)c1ccc(N)cc1;O=C/C=C/c1cc(F)cc(F)c1;R59,1
C[C@@H](CCO)CNc1ccc(O)c(-c2cccc(O)c2)c1,CC(=O)O[C@@H]1CC[C@@H]2[C@H](OC(C)=O)CC[C@H]1N2c1ccc(-c2cccc(C=O)c2)cc1,0.27399999999999997,-9.9,0.77,CC(=O)O[C@@H]1CC[C@H]2N[C@@H]1CC[C@H]2OC(C)=O;O=Cc1cccc(-c2ccc(Cl)cc2)c1;R103,1
C[C@@H](O)C(F)(F)c1ccc(O)c(NCCN2Cc3ccccc3CC2=O)c1,O=C(O)c1c(Cl)ccc(CNc2c(F)cccc2F)c1Cl,0.257,-8.8,0.6859999999999999,NCc1ccc(Cl)c(C(=O)O)c1Cl;Fc1cccc(F)c1Br;R103,1
C[C@@H](O)c1ccc2c(ccn2N=CCC(=O)NCCC[C@@H](O)c2ccccc2O)c1,Cc1ccc(N2C(=O)C(=CNC(=O)O)c3ccccc3C2=O)cc1,0.28800000000000003,-8.4,0.659,NC(=O)O;CCOC=C1C(=O)N(c2ccc(C)cc2)C(=O)c2ccccc21;R7,1
C[C@@H]1CCCN(CCC(=O)O)C1,CC(=O)OCSc1ccc(COc2ccccc2C=O)cc1,0.083,-8.8,0.6679999999999999,CC(=O)OCI;O=Cc1ccccc1OCc1ccc(Cl)cc1;R21,1
C[C@@H]1CCN(C(=O)CCCC[C@H]2CCCC2=C2C=C(C(N)=O)CCC2)C1,COc1cc2ccc(NC(CCl)C(F)(F)F)cc2cc1OC,0.122,-8.1,0.62,O=C(CCl)C(F)(F)F;COc1cc2ccc(N)cc2cc1OC;R43,1
C[C@@H]1CCN(C2=CNN=C(c3ccccc3)C2)C1,CN1CCC(OC[C@@H]2C[C@H](CO)C[C@H](CO)C2)(C(=O)O)CC1,0.17600000000000002,-7.8,0.603,CN1CCC(=O)CC1;OC[C@H]1C[C@@H](CO)C[C@@H](CO)C1;R71,1
C[C@@]1(N)CCN(c2cccc(-c3ccsc3)c2)C1,CC(C)C(=O)C(Cl)c1nc2c(ccc(Cl)c2Cl)N1,0.18,-8.3,0.6409999999999999,CCOC(=O)C(Cl)C(=O)C(C)C;Nc1ccc(Cl)c(Cl)c1N;R19,1
C[C@@]1(O)CCN(C(=O)CCCN(C=CCNC(=O)c2ccccc2)C(=O)O)C1,CCc1ccccc1CNC(=O)Nc1ccc(C(C)=O)cc1,0.23199999999999998,-10.0,0.773,CCc1ccccc1CN;CC(=O)c1ccc(N=C=O)cc1;R106,1
C[C@@]1(c2ccccc2)CC=CN1CCCOc1cccc(CC(=O)O)c1,C[C@H](CCc1nc(Cc2cn(C)c3ccccc23)no1)NC(=O)OC(C)(C)C,0.261,-9.8,0.7609999999999999,Cn1cc(CC#N)c2ccccc21;C[C@H](CCC(=O)O)NC(=O)OC(C)(C)C;R46,1
C[C@@]1(c2ccccc2)CCCN1CCCOc1cccc(CC(=O)O)c1,CC(C(N)=O)C(=O)NC(C)c1ccc(-c2ccccc2)cc1,0.28,-10.0,0.778,COC(=O)C(C)C(N)=O;CC(N)c1ccc(-c2ccccc2)cc1;R49,1
C[C@H](CCC(N)=O)CNc1cccc(Cc2cc(-c3ccccc3)nnc2N)c1,CC(=O)c1cc(O)ccc1NC(=O)C(=O)CC(=O)C1CCOCC1,0.28600000000000003,-9.3,0.726,CCOC(=O)C(=O)CC(=O)C1CCOCC1;CC(=O)c1cc(O)ccc1N;R49,1
C[C@H](CCCCCCCCO)N[C@H]1CC[C@H](OCCCc2ccc(CN)cc2O)N1,C[C@@]1(C(=O)NCCCN2CCCC2=O)CC[C@]1(C)C(=O)O,0.177,-7.8,0.603,C[C@@]12CC[C@]1(C)C(=O)OC2=O;NCCCN1CCCC1=O;R44,1
C[C@H](CNC(N)=O)c1ccc(O)c(NCC(=O)N2CCCCC2)c1,CCOC=C1C(=O)N(c2ccc(C(=O)NCCF)cc2)C(=O)c2ccccc21,0.28300000000000003,-8.5,0.6659999999999999,CCOC=C1C(=O)N(c2ccc(C(=O)OCC)cc2)C(=O)c2ccccc21;NCCF;R49,1
C[C@H](CO)CCCc1cc(=O)[nH]c(C2=CC(=O)C(Cc3cccc(F)c3)=C2)n1,CC(C)(F)Cn1cnc2c(Nc3ccccc3-c3ccc(-c4ccccc4)cc3)ncnc21,0.309,-10.5,0.818,CC(C)(F)CN;Nc1ccccc1-c1ccc(-c2ccccc2)cc1;R66,1
C[C@H](O)CCCCc1cnc(C2=CC(=O)C(c3ccccc3F)=C2)[nH]c1=O,COc1ccc(F)c(COC(=O)c2c(F)cc(C(F)F)cc2F)c1F,0.265,-10.1,0.784,O=C(O)c1c(F)cc(C(F)F)cc1F;COc1ccc(F)c(CCl)c1F;R31,1
C[C@H]1CC(=CCCC(N)=O)C[C@H]1CC[C@@H]1C=CC=CC1,COC(=O)c1sc(Cl)c(Cl)c1-n1cnc2c(NC[C@@H]3C[C@@H]4C[C@@H]4N3C(=O)OC(C)(C)C)ncnc21,0.10800000000000001,-8.7,0.6629999999999999,CC(C)(C)OC(=O)N1[C@H](CN)C[C@@H]2C[C@@H]21;COC(=O)c1sc(Cl)c(Cl)c1N;R66,1
C[C@H]1CCCN(C(=O)CC=Cc2cc(F)ccc2C2CCCCC2)C1,Cc1cc(C#CCc2cc(Cl)c(F)c(Cl)c2)cc(C)n1,0.22699999999999998,-8.7,0.675,Fc1c(Cl)cc(CCl)cc1Cl;C#Cc1cc(C)nc(C)c1;R100,1
C[C@H]1CCN(CC=Cc2cc(F)ccc2[C@H]2CCC[C@@H]2N)N1,CC(=O)O[C@@H](C)[C@H](C)n1cc(C23COC(CO)(C2)C3)nn1,0.261,-9.0,0.701,C#CC12COC(CO)(C1)C2;CC(=O)O[C@@H](C)[C@H](C)Cl;R63,1
C[C@H]1CC[C@](C)(CCN[C@@H]2CCCN(C(=O)CCc3ccccc3)C2)C1,CC(=O)Oc1ccc(C=C2C(=O)CC23CC3)cc1,0.184,-8.8,0.6779999999999999,O=C1CC2(CC2)C1;CC(=O)Oc1ccc(C=O)cc1;R3,1
Cc1c[nH]c(CCc2nocc2CCNC(N)=O)c1,O=C1CC(N2C(=O)c3ccc(NC(=O)c4cnncc4C(=O)O)cc3C2=O)C(=O)N1,0.255,-9.5,0.738,O=C(O)c1cnncc1C(=O)O;Nc1ccc2c(c1)C(=O)N(C1CC(=O)NC1=O)C2=O;R8,1
Cc1cc(-c2cnnc(-c3ccccc3)c2)ccn1,Cn1c(N)nnc1S(=O)(=O)Cc1cccc2ccoc12,0.183,-9.2,0.708,Cn1c(N)nnc1S;ClCc1cccc2ccoc12;R37,1
Cc1cc(C)c2c(F)cc(-c3cc(CCCCN)ccc3O)nc2c1,CC(C)c1ccc(NC(=O)C(=O)N2CC(O)(CCO)C2)cc1,0.22699999999999998,-8.5,0.66,OCCC1(O)CNC1;CC(C)c1ccc(N)cc1;R38,1
Cc1cc(O)c(C(N)=O)cc1NCCC(=O)N1CCCC1,CN(C(=O)C(=O)NC12CCC(N)(CC1)CC2)C(C)(C)C(N)=O,0.196,-8.2,0.635,CNC(C)(C)C(N)=O;NC12CCC(N)(CC1)CC2;R38,1
Cc1cc(O)c(C(N)=O)cc1NCCC(=O)N1CCCCC1,C[C@H](NC(=O)C(=O)Nc1ccc(OCC#N)cc1)c1ccccc1,0.313,-9.2,0.721,C[C@H](N)c1ccccc1;N#CCOc1ccc(N)cc1;R38,1
Cc1cc2nc(-c3cc(CCCCN)ccc3O)cc(C)c2cc1C,CC(C)CC(=O)Nc1cccc2c1C(=O)OC2,0.263,-8.7,0.679,COC(=O)CC(C)C;Nc1cccc2c1C(=O)OC2;R49,1
Cc1cc2nc(-c3cc(Cl)ccc3O)sc2cn1,CC(=O)Oc1ccccc1C(=O)Nc1cc(Cl)c(Cl)cc1Cl,0.25,-9.0,0.7,Nc1cc(Cl)c(Cl)cc1Cl;CC(=O)Oc1ccccc1C(=O)O;R8,1
Cc1ccc(NCC(=O)NC(=O)NCCc2ccccc2)cc1F,O=C1CC(c2ccc(-c3ccc([N+](=O)[O-])cc3Cl)cc2)CC(=O)N1,0.24,-11.2,0.8640000000000001,O=[N+]([O-])c1ccc(Br)c(Cl)c1;O=C1CC(c2ccc(Br)cc2)CC(=O)N1;R95,1
Cc1ccc(NCCc2nocc2CCNC(N)=O)nc1,O=C(N[C@H]1C[C@@H](C(=O)Cl)C[C@H]1O)OCC1c2ccccc2-c2ccccc21,0.213,-9.9,0.764,CNC(C)=O;O=C(N[C@H]1C[C@@H](C(=O)O)C[C@H]1O)OCC1c2ccccc2-c2ccccc21;R107,1
Cc1ccc([N+](=O)[O-])c(F)c1,Nc1ccccc1-n1cnc2c(Nc3ccc(OCc4ccc(Cl)cc4)cc3)ncnc21,0.162,-10.7,0.8190000000000001,Nc1ccccc1N;Nc1ccc(OCc2ccc(Cl)cc2)cc1;R66,1
Cc1ccc2c(C)cc(-c3cc(CCCCN)ccc3O)nc2c1,CC1CCC(OC(=O)CC2CCCCCCC2)(C(=O)O)CC1,0.15,-9.2,0.705,CC1CCC(=O)CC1;O=C(O)CC1CCCCCCC1;R71,1
Cc1ccc2c(CC(=O)CN)cc3c4c(ccc3c2c1)CCN(C)C4,CCOC(=O)C=C(C)CC1(O)CCN(C(=O)OC(C)(C)C)CC1,0.15,-7.9,0.608,CC(C)(C)OC(=O)N1CCC(=O)CC1;CCOC(=O)C=C(C)CBr;R98,1
Cc1ccc2c(CC(=O)c3ccccc3O)cc3c4c(ccc3c2c1)CCN(C)C4,COC(Cl)C(Nc1ccc(Oc2ccc(F)cc2)cc1)OC,0.17600000000000002,-8.7,0.67,COC(Cl)C(Cl)OC;Nc1ccc(Oc2ccc(F)cc2)cc1;R9,1
Cc1cccc(NC(=O)c2ccccc2F)c1,CC(C)OCC(=O)Nc1ccc(O)c(C(=O)OC(C)(C)C)c1,0.29,-8.5,0.6659999999999999,CC(C)OCC(=O)Cl;CC(C)(C)OC(=O)c1cc(N)ccc1O;R57,1
Cc1ccccc1CNC(=O)c1ccccc1,CC(=O)OCC(O)COc1ccc(C(=O)C=Cc2ccc(C)c(C)c2)c(F)c1F,0.168,-10.5,0.804,CC(=O)c1ccc(O)c(F)c1F;Cc1ccc(C=O)cc1C;R3;CC(=O)OCC1CO1;R22,2
Cc1cncc(C)c1-c1cncc(-c2ccccc2F)c1,C=C(COc1ccccc1Br)c1ccc(Cn2cccn2)cc1,0.18,-9.6,0.738,Brc1ccc(Cn2cccn2)cc1;C=CCOc1ccccc1Br;R96,1
Cc1cnccc1CNC(=O)c1ccccc1,CCOC(=O)C(=O)CC(=O)c1cccc(N(C)c2nnn[nH]2)c1,0.168,-9.5,0.7290000000000001,CNc1nnn[nH]1;CCOC(=O)C(=O)CC(=O)c1cccc(Cl)c1;R9,1
Cc1nccc(NCCc2nocc2CCNC(N)=O)n1,CC(COC(=O)C(C)(C)C1CCN(C(=O)OC(C)(C)C)CC1)c1cccc(Cl)c1,0.184,-8.3,0.6409999999999999,CC(C)(C)OC(=O)N1CCC(C(C)(C)C(=O)O)CC1;CC(CBr)c1cccc(Cl)c1;R31,1
Cc1nn(CC=Cc2cc(F)ccc2[C@H]2CCC[C@@H]2N)c2nnccc12,CC(C)c1ccc2[nH]c3c(c2c1)CC31CC2(CCC2)C1,0.36700000000000005,-9.6,0.757,CC(C)c1ccc(NN)cc1;O=C1CCC12CC1(CCC1)C2;R91,1
Cc1occ(Cc2ccc(F)c(NCO[C@H]3CCOC(=CCO)C3)c2)c1F,COC(=O)CC#Cc1ccc(OC(C)(COC(C)=O)C(=O)O)cc1N,0.243,-8.6,0.669,C#CCC(=O)OC;Nc1cc(O)ccc1Cl;R100;CC(=O)COC(C)=O;R71,2
Cn1ccc(CCC(=O)[C@@H]2NC(=O)c3ccc(C(N)=O)cc3O2)c1,O=C(NC(=S)NCC(C1CCCC1)C1CCCC1)c1ccc(F)c(F)c1,0.255,-10.0,0.775,O=C(N=C=S)c1ccc(F)c(F)c1;NCC(C1CCCC1)C1CCCC1;R4,1
Cn1cccc(CCNCC(=O)c2cccc(CNC(=O)CO)c2)c1=O,CC(=O)OCc1ccc(OC(=O)C=Cc2nc3ccccc3s2)cc1,0.237,-9.5,0.736,O=Cc1nc2ccccc2s1;CC(=O)OCc1ccc(OC(C)=O)cc1;R3,1
Fc1ccccc1-c1cncc(-c2ccccc2)c1,O=C(c1c(F)cccc1F)n1cc(-c2ccccc2)cn1,0.213,-9.7,0.7490000000000001,NNC(=O)c1c(F)cccc1F;O=CC(C=O)c1ccccc1;R14,1
Fc1ccccc1-c1cncc(-c2cncs2)c1,CC(NCCC(=O)c1ccccc1N)C1Cc2ccccc2C(=O)O1,0.209,-10.4,0.8009999999999999,CC(=O)C1Cc2ccccc2C(=O)O1;NCCC(=O)c1ccccc1N;R43,1
N=C(N)c1cccc([C@H]2CC(=O)N3c4cc(CC(=O)O)ccc4OC[C@H]3C2)c1,Cc1nnc(NC(=O)NC(c2ccccc2)c2ccc(C(F)(F)F)cc2)s1,0.255,-10.7,0.828,Cc1nnc(NC(=O)OCC(F)(F)F)s1;NC(c1ccccc1)c1ccc(C(F)(F)F)cc1;R26,1
NC(=O)C1=CC(=C2CCC[C@@H]2CCCCC(=O)N2CC[C@@H](O)C2)CCC1,N#Cc1cc(-c2ccc(OCC(F)(F)F)nc2)ccc1Cl,0.139,-8.6,0.659,CC1(C)OB(c2ccc(Cl)c(C#N)c2)OC1(C)C;FC(F)(F)COc1ccc(Br)cn1;R50,1
NC(=O)CCCCCOCCCNc1cccc(-c2ccc(F)c(N)c2F)c1,O=S(=O)(Cl)c1cc(-c2nc(CCNCc3ccccc3)no2)ccc1Br,0.20199999999999999,-10.0,0.77,O=C(O)c1ccc(Br)c(S(=O)(=O)Cl)c1;N#CCCNCc1ccccc1;R46,1
NC(=O)CCCNc1cc(-c2ccccc2F)c(O)cc1O,O=C(c1cc(F)ccc1F)c1ccccc1-c1nnc(CNC2CC2)o1,0.23600000000000002,-10.1,0.7809999999999999,N#Cc1cc(F)ccc1F;Clc1ccccc1-c1nnc(CNC2CC2)o1;R97,1
NC(=O)CC[C@@H](CO)CNc1cccc(Cc2cc(-c3ccccc3)nnc2N)c1,O=C(NCC1=NO[C@@H]2CCCC[C@H]12)C(=O)c1ccccc1,0.253,-9.8,0.76,CCOC(=O)C(=O)c1ccccc1;NCC1=NO[C@@H]2CCCC[C@H]12;R49,1
NC(=O)C[C@@H]1CCC(=O)N(CCNc2cc(C(F)(F)C(=O)O)ccc2O)C1,CCC(C)C(=O)CS(=O)(=O)CC(=O)N1CCc2ccccc2C1,0.294,-8.8,0.6890000000000001,CCC(C)C(=O)CCl;O=C(CCl)N1CCc2ccccc2C1;R32,1
NC(=O)NC1=CC=C(CO)C1,O=C(NCC(=O)c1ccc(F)cc1Br)C(=O)NC(C(F)(F)F)C(F)(F)F,0.125,-9.7,0.74,NC(C(F)(F)F)C(F)(F)F;NCC(=O)c1ccc(F)cc1Br;R38,1
NC(=O)NCCc1cccc(O)c1,O=C(N[C@H]1C[C@@](C(=O)Cl)(C(F)F)C1)OCC1c2ccccc2-c2ccccc21,0.127,-9.8,0.748,NC(N)=O;O=C(N[C@H]1C[C@@](C(=O)O)(C(F)F)C1)OCC1c2ccccc2-c2ccccc21;R107,1
NC(=O)NCCc1conc1CCNc1cccc(C=Cc2ccccc2)c1,CS(=O)(=O)OCC#Cc1ccc(F)c(C=O)c1O,0.172,-8.3,0.64,C#CCOS(C)(=O)=O;O=Cc1c(F)ccc(Br)c1O;R100,1
NC(=O)NCCc1conc1CCNc1cccc(C=Cc2ccoc2)c1,N#Cc1cc(F)ccc1-n1cnc2c(Nc3nnc(C(F)F)o3)ncnc21,0.275,-9.6,0.748,N#Cc1cc(F)ccc1N;Nc1nnc(C(F)F)o1;R66,1
NC(=O)NCCc1conc1CCNc1cccc(C=Cc2cnoc2)c1,O=C(Cc1cccc2ccccc12)OC=CC1(O)C(F)=C(F)C(=O)C(F)=C1F,0.22699999999999998,-10.5,0.81,Cl/C=C/Cl;O=C(O)Cc1cccc2ccccc12;R31;O=C1C(F)=C(F)C(=O)C(F)=C1F;R98,2
NC(=O)NCCc1conc1CCNc1cccc(C=Cc2cocc2O)c1,O=C1CCC2C(NCC#CC3CC3)CCC12,0.11800000000000001,-7.7,0.589,O=C1CCC2C(=O)CCC12;NCC#CC1CC1;R43,1
NC(=O)NCCc1conc1CCNc1cccc(C=Cc2conc2O)c1,CCOC(=O)C(Cl)C(=O)CC(O)(c1ccccc1)c1ccccn1,0.285,-8.2,0.643,CCOC(=O)C(Cl)C(=O)CCl;O=C(c1ccccc1)c1ccccn1;R98,1
NC(=O)NCCc1conc1CCNc1ccccc1,CC(=O)c1cccc(C(C)=O)c1NC(=O)C(=O)Nc1ccc(CC(=O)NCCO)cc1,0.245,-9.9,0.767,CC(=O)c1cccc(C(C)=O)c1N;Nc1ccc(CC(=O)NCCO)cc1;R38,1
NC(=O)NCCc1conc1CCNc1ccccc1F,CC(O)C1CCC(NCCNC(=O)OCC(F)(F)F)CC1,0.13,-8.7,0.6659999999999999,O=C(NCCCl)OCC(F)(F)F;CC(O)C1CCC(N)CC1;R9,1
NC(=O)NCCc1conc1CCNc1ccccn1,CCOC(=O)C(=CNCCC1CC2CCC(C1)N2C(=O)OC(C)(C)C)C(=O)C(F)(F)F,0.17800000000000002,-9.2,0.708,CC(C)(C)OC(=O)N1C2CCC1CC(CCN)C2;CCOC=C(C(=O)OCC)C(=O)C(F)(F)F;R7,1
NC(=O)Nc1ccc2c(c1)C[C@H]1NCC[C@H]1C2,Nc1c(Br)cccc1C#CCC(=O)NCc1ccc(C2CCC2)cc1,0.255,-9.7,0.753,C#CCC(=O)O;NCc1ccc(C2CCC2)cc1;R8;Nc1c(Br)cccc1Br;R100,2
NC(=O)Nc1cccc2cnc(NCc3ccccc3)cc12,C=C(CO)C(=O)NC1CCc2ccccc21,0.19399999999999998,-8.7,0.672,C=C(CO)C(=O)OC;NC1CCc2ccccc21;R49,1
NC(=O)c1ccc(C(=O)O)c(O)c1,CCOC(=O)C(OC(=O)CSCC(=O)c1ccccc1)C(=O)C(C)C,0.16899999999999998,-7.8,0.602,CCOC(=O)C(Cl)C(=O)C(C)C;O=C(O)CSCC(=O)c1ccccc1;R31,1
NC(=O)c1ccc(C(=O)O)cc1,O=C(CNc1ccccc1)OCC1=CC2C=CC1CC2,0.076,-9.6,0.728,Clc1ccccc1;C#CCOC(=O)CN;R103;C1=CCCC=C1;R88,2
NC(=O)c1ccc(C(N)=O)c(CO)c1,O=C(COc1ccc(-c2ccccc2)cc1)OC1COC1,0.12300000000000001,-9.1,0.695,BrC1COC1;O=C(O)COc1ccc(-c2ccccc2)cc1;R31,1
NC(=O)c1ccc(Cl)c(CCN2CC[C@@H]3CCCC[C@H]3C2)c1,CC(=O)OCCNc1ncnc2c1ncn2C[C@H](C)NCc1ccccc1,0.222,-8.9,0.69,CC(=O)OCCN;C[C@@H](CN)NCc1ccccc1;R66,1
NC(=O)c1ccc(Cl)c(Nc2ncc3cccnc3n2)c1,NC(=O)N1C(=O)N[C@H]2C[C@H](C1=O)N(C(=O)OCC1c3ccccc3-c3ccccc31)C2,0.271,-10.3,0.8,NC(N)=O;CC(C)(C)OC(=O)N[C@H]1C[C@H](C(=O)O)N(C(=O)OCC2c3ccccc3-c3ccccc32)C1;R30,1
NC(=O)c1ccc(Cl)cc1,COC(=O)C(c1ccccc1)n1cnc2c(NCc3cccc(OC(F)(F)F)c3)ncnc21,0.09300000000000001,-10.9,0.8270000000000001,COC(=O)C(N)c1ccccc1;NCc1cccc(OC(F)(F)F)c1;R66,1
NC(=O)c1ccc2c(c1)O[C@H](C(=O)CCc1ccsc1)NC2=O,Fc1cccc(F)c1C=Cc1noc(CC(F)(F)F)n1,0.209,-9.0,0.696,FC(F)(F)Cc1nc(CCl)no1;O=Cc1c(F)cccc1F;R102,1
NC(=O)c1ccco1,O=C1CC2(C1)CC(O)(c1ccc(-c3ccc(Br)cc3)cc1)C2,0.073,-9.6,0.727,O=C1CC2(C1)CC(=O)C2;Brc1ccc(-c2ccc(Br)cc2)cc1;R98,1
NC1=NC[C@@H](c2cccc(OCCCNCCO)c2)N1,COc1cccc(Oc2ccc(-c3nc4c(ccc5cnccc54)O3)cc2)c1,0.22399999999999998,-10.7,0.825,Nc1c(O)ccc2cnccc12;COc1cccc(Oc2ccc(C=O)cc2)c1;R20,1
NC1=NC[C@@H](c2cccc(OCC[C@H]3CCCCN3)c2)N1,CC12COC(C=Cc3ccc(-c4ccccc4)s3)(C1)C2,0.2,-9.6,0.74,CC12COC(CI)(C1)C2;O=Cc1ccc(-c2ccccc2)s1;R102,1
NC1=NC[C@@H](c2cccc(O[C@@H]3C[C@H]4CCCCN[C@H]4C3)c2)N1,O=C(NCCc1cnn2c1CCCC2)[C@@H]1C[C@H]1c1ccccc1,0.28,-9.7,0.7559999999999999,COC(=O)[C@@H]1C[C@H]1c1ccccc1;NCCc1cnn2c1CCCC2;R49,1
NC=CC(=O)c1c2c3c4c(ccc3c3cc(O)ccc13)CC[C@H]1CNCC(=C41)C2,O=C(OC1(C(=O)O)CCCCC1C1CCCCC1)c1coc2ccc(Cl)cc12,0.359,-8.3,0.6579999999999999,O=C1CCCCC1C1CCCCC1;O=C(O)c1coc2ccc(Cl)cc12;R71,1
NC=CCc1cc2c3c(ccc2c2cc(O)ccc12)CC[C@H]1CNCC[C@H]31,CC(=O)OCCOc1nc2nc(C(=O)O)cc(C)c2c(=O)[nH]1,0.252,-8.3,0.648,CC(=O)OCCCl;Cc1cc(C(=O)O)nc2nc(O)[nH]c(=O)c12;R56,1
NC=NC1=NN=NC1,CC(C)(Cl)Cn1cnc2c(Nc3ccccc3OC3CCCCC3)ncnc21,0.065,-9.4,0.711,CC(C)(Cl)CN;Nc1ccccc1OC1CCCCC1;R66,1
NCC(=O)O,O=C(O)C12CCC(C#CCNC3CC3)(CC1)CC2,0.071,-8.0,0.607,O=C(O)C12CCC(Br)(CC1)CC2;C#CCNC1CC1;R100,1
NCC=C1C[C@@H](OCNc2cccc(CC(=O)NC(=O)C3=CC=C=C3N)c2)CCO1,N#CC(F)(F)C12CC(OCCC3(O)CCNCC3)(C1)C2,0.205,-8.8,0.6809999999999999,N#CC(F)(F)C12CC(Br)(C1)C2;OCCC1(O)CCNCC1;R56,1
NCC=C1C[C@@H](OCNc2cccc(CC(=O)NC(=O)C3=CC=CC3)c2)CCO1,CCOC(=O)C(NC(=O)C(=O)Nc1cccc(Br)c1N)C(=O)OCC,0.262,-8.2,0.6409999999999999,CCOC(=O)C(N)C(=O)OCC;Nc1cccc(Br)c1N;R38,1
NCC=C1C[C@@H](OCNc2cccc(CC(=O)NC(=O)C3=CCCC3)c2)CCO1,CC(=O)OCCn1cnc2c(NC3(C(F)(F)F)CCCCCC3)ncnc21,0.27,-8.9,0.695,CC(=O)OCCN;NC1(C(F)(F)F)CCCCCC1;R66,1
NCC=Cc1cccc(O)c1,N#Cc1ccccc1-c1noc(CNc2ccc(Br)cc2)n1,0.11800000000000001,-9.8,0.747,N#Cc1ccccc1C#N;O=C(O)CNc1ccc(Br)cc1;R46,1
NCCCCN1CC[C@H](NC(=O)[C@H]2CC[C@@H](NCCc3ccc(F)cc3)C2)C1,CC(C)(C)c1nccc(OC2CCCC2(F)F)n1,0.159,-8.7,0.6679999999999999,CC(C)(C)c1nccc(Br)n1;OC1CCCC1(F)F;R56,1
NCCCc1cccc(CO)c1,Brc1ncccc1C=CCc1nsc2ccccc12,0.107,-8.9,0.6779999999999999,O=Cc1cccnc1Br;BrCCc1nsc2ccccc12;R102,1
NCC[C@H]1COc2cc(O)c(CCN3CCCCC3)cc21,C=C(C)C(C)(OC(=O)CCNc1nc2ccccc2s1)C(=O)O,0.24,-8.6,0.669,O=C(O)CCNc1nc2ccccc2s1;C=C(C)C(C)=O;R71,1
NCOCCN1CC[C@H](NC(=O)[C@H]2CC[C@@H](NCCc3ccc(F)cc3)C2)C1,O=C(Nc1ccc(-c2ccccc2)cc1)c1ccccc1C(=O)OCc1ccc(Cl)cc1,0.204,-12.3,0.92,ClCc1ccc(Cl)cc1;O=C(O)c1ccccc1C(=O)Nc1ccc(-c2ccccc2)cc1;R31,1
NC[C@@H]1COc2ccc(O)cc2C1,C[C@H](CN)OC(=O)C1(NC(=O)OCC2c3ccccc3-c3ccccc32)CC1,0.21100000000000002,-8.7,0.674,C[C@@H](O)CN;O=C(NC1(C(=O)O)CC1)OCC1c2ccccc2-c2ccccc21;R72,1
N[C@H]1CCC[C@@H]1c1ccc(F)cc1C=CCN1CCCN1,O=C1CCCCC1CC=Cc1cc(F)c(F)c(F)c1,0.33,-9.3,0.731,Fc1cc(Br)cc(F)c1F;C=CCC1CCCCC1=O;R96,1
N[C@H]1CCC[C@@H]1c1ccc(F)cc1C=CCN1NCC=C2CNN=C21,O=C(CCl)c1ccc2c(c1)-c1cc(C(=O)COc3cc(Cl)cc(I)c3)ccc1C2,0.278,-10.3,0.8,Oc1cc(Cl)cc(I)c1;O=C(CCl)c1ccc2c(c1)-c1cc(C(=O)CCl)ccc1C2;R56,1
N[C@H]1CCC[C@@H]1c1ccc(F)cc1C=CCN1NCC[C@H]2CNN=C21,Cc1ccc(COC(C)c2nnc(-c3ccccc3)o2)cc1Cl,0.262,-9.6,0.746,Cc1ccc(CO)cc1Cl;CC(Cl)c1nnc(-c2ccccc2)o1;R56,1
N[C@H]1CCC[C@@H]1c1ccc(F)cc1C=CCn1nccc2cnnc1-2,C[C@H](O)[C@H](C)NC1CC12C1CC3CC(C1)CC2C3,0.122,-9.6,0.732,C[C@@H]1O[C@H]1C;NC1CC12C1CC3CC(C1)CC2C3;R58,1
N[C@H]1CCC[C@@H]1c1ccc(F)cc1C=CCn1nccc2nnnc1-2,NC(=O)C=Cc1c(F)cccc1C(F)(F)F,0.263,-8.5,0.664,CC(N)=O;O=Cc1c(F)cccc1C(F)(F)F;R3,1
Nc1c(F)ccc(-c2cccc(NCCCOCCCCCC(=O)O)c2)c1F,CCOC(=O)C12CC(CSc3ccc(Cl)c(C)c3)(C1)OC2CCc1ccccc1,0.205,-8.7,0.6729999999999999,CCOC(=O)C12CC(CI)(C1)OC2CCc1ccccc1;Cc1cc(Br)ccc1Cl;R21,1
Nc1c(F)ccc(-c2cccc(NCCCOCCCc3ccccc3)c2)c1F,CC(C)CN(CCNCc1ccccc1)Cc1ccccc1,0.142,-8.7,0.667,CC(C)C=O;c1ccc(CNCCNCc2ccccc2)cc1;R43,1
Nc1cc(-c2cnnc(-c3ccccc3)c2)ccn1,O=C(CCNC(=O)OCC(F)(F)F)OC1(CNCc2ccccc2)CCCC1,0.147,-8.8,0.675,O=C(O)CCNC(=O)OCC(F)(F)F;OC1(CNCc2ccccc2)CCCC1;R72,1
Nc1ccc(Cc2ccccc2)cc1O,CCOC(=O)C#CC(=O)Nc1cc(Cl)ccc1C(=O)O,0.159,-8.0,0.616,CCOC(=O)C#CC(=O)OCC;Nc1cc(Cl)ccc1C(=O)O;R49,1
Nc1ccc(Cc2ccno2)cc1O,Cc1c(NC(=O)Nc2cccc3ccccc23)cnn1-c1ccc(F)cc1,0.157,-10.3,0.7879999999999999,Nc1cccc2ccccc12;Cc1c(N)cnn1-c1ccc(F)cc1;R36,1
Nc1nnc(-c2ccccc2)cc1Cc1cccc(NCc2ccccc2)c1,CC(C)(C)Nc1ncnc2c1ncn2-c1ccc(F)cc1Cl,0.27,-8.3,0.65,CC(C)(C)N;Nc1ccc(F)cc1Cl;R66,1
Nc1noc2cc(CO)c(O)cc12,CCNC(=O)C(C)n1cnc2c(NCc3nc(C(=O)O)cs3)ncnc21,0.242,-8.6,0.669,CCNC(=O)C(C)N;NCc1nc(C(=O)O)cs1;R66,1
O=C(CC[C@H]1CCCN1)c1ccc2ccccc2c1F,COc1cc([N+](=O)[O-])ccc1C=CC(=O)C(C)C(C)C,0.193,-8.3,0.642,CC(=O)C(C)C(C)C;COc1cc([N+](=O)[O-])ccc1C=O;R3,1
O=C(CCc1ccccc1)N1CCC[C@@H](NC[C@@H]2OCC=C3CCCN[C@H]32)C1,CCOC(=O)C(C)(C)Nc1ncnc2c1ncn2CC(=O)NCCc1ccccc1,0.307,-8.8,0.691,CCOC(=O)C(C)(C)N;NCC(=O)NCCc1ccccc1;R66,1
O=C(CCc1ccccc1)N1CCC[C@@H](NC[C@H](O)C2CCCC2)C1,CC(CN1CC(C(=O)O)CC1=O)c1ccc(Br)cc1,0.341,-8.7,0.687,C=C(CC(=O)O)C(=O)O;CC(CN)c1ccc(Br)cc1;R82,1
O=C(CCc1ccccc1)N1CCC[C@@H](NC[C@H](O)[C@H]2CCCCN2)C1,O=C(Nc1ccccn1)c1ccccc1C(=O)OCc1cn2cc(Cl)cc(Cl)c2n1,0.217,-10.0,0.772,OCc1cn2cc(Cl)cc(Cl)c2n1;O=C(O)c1ccccc1C(=O)Nc1ccccn1;R72,1
O=C(CCc1ccccc1)N1CCC[C@@H](NC[C@H](O)[C@H]2COCCN2)C1,O=C(O)c1cccc(Nc2ccc(Cl)c(Cl)c2)c1,0.152,-9.2,0.705,Nc1ccc(Cl)c(Cl)c1;O=C(O)c1cccc(Br)c1;R103,1
O=C(CNC1=CC(F)=C=CC1)NC(=O)NCCc1ccccc1,CC(OC(=O)[C@H]1CC[C@@H](c2nc(CCN3CCCCCC3)no2)C1)c1nc2ccccc2o1,0.19,-10.4,0.799,O=C(O)[C@@H]1CC[C@H](C(=O)O)C1;N#CCCN1CCCCCC1;R46;CC(Cl)c1nc2ccccc2o1;R31,2
O=C(CNC1=CC(F)=CCC1)NC(=O)NCCc1ccccc1,COC(=O)c1ccc(O)cc1Nc1ncnc2c1ncn2C[C@H]1CO[C@H](CN)CO1,0.22,-9.1,0.705,COC(=O)c1ccc(O)cc1N;NC[C@@H]1CO[C@@H](CN)CO1;R66,1
O=C(CNC1=CC=CCC1)NC(=O)NCCc1ccccc1,CC(=O)C(C)=Cc1nc2c(C)nc(O)nc2O1,0.171,-8.3,0.64,CCOC(=O)C=C(C)C(C)=O;Cc1nc(O)nc(O)c1N;R19,1
O=C(CNC1=C[C@@H](F)CCC1)NC(=O)NCCc1ccccc1,Cc1ccc(CNC2C[C@@H](C(=O)O)[C@H](C(=O)O)C2)c(C)c1,0.19,-9.3,0.7170000000000001,O=C1C[C@@H](C(=O)O)[C@H](C(=O)O)C1;Cc1ccc(CN)c(C)c1;R43,1
O=C(CNc1cc(F)cc(F)c1F)NC(=O)NCCc1ccccc1,CC1(C)CCCN1c1cccc(CN2C(=O)CCCC2=O)c1,0.265,-9.1,0.7090000000000001,CC1(C)CCCN1;O=C1CCCC(=O)N1Cc1cccc(Br)c1;R9,1
O=C(CNc1cc(F)ccc1F)NC(=O)NCCc1ccccc1,Cc1cccc(OCC(C)Nc2ncnc3c2ncn3Cc2cn(C)c(=O)[nH]c2=O)c1,0.213,-10.9,0.8390000000000001,Cn1cc(CN)c(=O)[nH]c1=O;Cc1cccc(OCC(C)N)c1;R66,1
O=C(CNc1ccccc1)NC(=O)NCCc1ccccc1,O=C1c2ccccc2-c2ccc(-c3cccc4nc(CCl)oc34)cc21,0.14800000000000002,-10.7,0.8170000000000001,CC1(C)OB(c2ccc3c(c2)C(=O)c2ccccc2-3)OC1(C)C;ClCc1nc2cccc(Cl)c2o1;R50,1
O=C(CO)NCc1cccc(C(=O)CNCCC2=CC=C=CC2=O)c1,O=C(O)C(NCc1ccc2c(c1)CCC2)c1ccc(Cl)c(Br)c1,0.289,-10.5,0.816,O=Cc1ccc2c(c1)CCC2;NC(C(=O)O)c1ccc(Cl)c(Br)c1;R43,1
O=C(CO)NCc1cccc(C(=O)CNCCc2cccc(CC3CCCC3)c2)c1,COc1cc(C(O)c2cc(F)c(F)cc2OC)ccc1OC(=O)c1ccc(F)cc1,0.203,-9.9,0.763,COc1cc(F)c(F)cc1Br;COc1cc(C=O)ccc1OC(=O)c1ccc(F)cc1;R98,1
O=C(NC1CCNCC1)[C@H]1C=Cc2ccc(O)cc2C1,CC(C)(C)OC(=O)NC1CCCC(C(=O)NCC2CCCc3ccccc32)CCC1,0.322,-9.7,0.76,CC(C)(C)OC(=O)NC1CCCC(C(=O)O)CCC1;NCC1CCCc2ccccc21;R8,1
O=C(NCC1=CCCS1)c1ccccc1,CC(C)(C)OC(=O)Nc1cc(-c2noc(-c3csc(CBr)n3)n2)ccc1Br,0.146,-8.9,0.682,O=C(O)c1csc(CBr)n1;CC(C)(C)OC(=O)Nc1cc(C#N)ccc1Br;R46,1
O=C(NCC1=CNCS1)c1ccccc1,COC(=O)c1ccc(c2ccccc2C(=O)NC23CC4CC(CC(C4)C2)C3)cc1,0.276,-9.8,0.763,COC(=O)c1ccc(Cl)cc1;O=C(O)c1ccccc1C(=O)NC12CC3CC(CC(C3)C1)C2;R105,1
O=C(NCc1cccc(F)c1)c1ccccc1,Nc1ccc(C2(O)C3CCC2CC3)cc1C(=O)c1ccccc1F,0.174,-9.5,0.73,O=C1C2CCC1CC2;Nc1ccc(Cl)cc1C(=O)c1ccccc1F;R98,1
O=C(NCc1cccc(O)c1)c1ccccc1,O=C(O)C(Br)C1CCN(C(=O)OCC2c3ccccc3-c3ccccc32)CC1,0.14,-8.6,0.659,CC1=CC(=O)C(C)O1;O=C(O)CC1CCN(C(=O)OCC2c3ccccc3-c3ccccc32)CC1;R111,1
O=C(NCc1ccccc1)c1ccccc1,CCOC(=O)C(F)C(=O)NCc1ccc2c(c1)C(=O)N(C1CCC(=O)NC1=O)C2,0.191,-9.4,0.7240000000000001,CCOC(=O)C(F)C(=O)OCC;NCc1ccc2c(c1)C(=O)N(C1CCC(=O)NC1=O)C2;R49,1
O=C(NCc1cccnc1)c1ccccc1,c1ccc(Cc2ccc(COc3ncc(-c4ccccc4)o3)cc2)cc1,0.14400000000000002,-10.7,0.8170000000000001,OCc1ccc(Cc2ccccc2)cc1;Brc1ncc(-c2ccccc2)o1;R56,1
O=C(NCc1ccncc1)c1ccccc1,CN(C)Cc1cccc(-c2ccc(C3CCCCC3=O)cc2)c1,0.20199999999999999,-10.2,0.785,CN(C)Cc1cccc(B2OC(C)(C)C(C)(C)O2)c1;O=C1CCCCC1c1ccc(Cl)cc1;R50,1
O=C(NCc1cncnc1)c1ccccc1,Cc1nc(C)c(COC(=O)CCN2C(=O)NC3(CCCCC3)C2=O)nc1C,0.11800000000000001,-9.4,0.7170000000000001,Cc1nc(C)c(CO)nc1C;O=C(O)CCN1C(=O)NC2(CCCCC2)C1=O;R72,1
O=C(NCc1cncs1)c1ccccc1,O=C(Nc1ccc(-c2noc(C3CC3)n2)cc1)C(F)F,0.138,-9.2,0.7040000000000001,CCOC(=O)C(F)F;Nc1ccc(-c2noc(C3CC3)n2)cc1;R49,1
O=C(Nc1ccccc1)[C@H]1C=Cc2ccc(O)cc2C1,CN(Cc1ccccc1)C(=O)C=C1CC(C(=O)OC(C)(C)C)(C(F)F)C1,0.209,-8.4,0.6509999999999999,CC(C)(C)OC(=O)C1(C(F)F)CC(=O)C1;CN(Cc1ccccc1)C(=O)CCl;R102,1
O=C(O)CC=C1C[C@@H](OCNc2cc3c(cc2F)CCCC3)CCO1,N#Cc1cc(C(F)(F)F)sc1NC(=O)C(=O)Nc1ccc(Cl)c(C(=O)O)c1,0.308,-9.5,0.743,N#Cc1cc(C(F)(F)F)sc1N;Nc1ccc(Cl)c(C(=O)O)c1;R38,1
O=C(O)CC=C1C[C@@H](OCNc2cc3ccccc3cc2F)CCO1,Cc1cc(O)nc(Nc2cc(NC(=O)OC(C)(C)C)c(F)c(C(F)(F)F)c2)n1,0.325,-9.5,0.745,CC(C)(C)OC(=O)Nc1cc(Br)cc(C(F)(F)F)c1F;Cc1cc(O)nc(N)n1;R9,1
O=C(O)CCCc1cccc(NCC(=O)NC(=O)NCCc2ccccc2)c1,CCN1CCN(c2ccc(CC(=O)CCl)cc2)CC1=O,0.373,-7.9,0.63,CCN1CCNCC1=O;O=C(CCl)Cc1ccc(Cl)cc1;R9,1
O=C(O)CNCCc1cccc(C(=O)NCCO)c1,Cc1ccc(-c2nc(C)c(C(=O)OCC3(CN)CC3)s2)cc1,0.157,-7.8,0.601,NCC1(CO)CC1;Cc1ccc(-c2nc(C)c(C(=O)O)s2)cc1;R72,1
O=C(O)Cc1ccc(O)c(NCC2CCNCC2)c1,Fc1ccc(F)c(C=C2CCc3ccc(Br)cc32)c1,0.204,-10.5,0.8079999999999999,Fc1ccc(F)c(CCl)c1;O=C1CCc2ccc(Br)cc21;R102,1
O=C(O)Cc1ccc(O)c(NCCN2CCNCC2)c1,O=S(=O)(Cl)c1cc(C#CCCc2ccc(F)cc2)c(F)cc1Cl,0.193,-10.4,0.799,O=S(=O)(Cl)c1cc(Cl)c(F)cc1Cl;C#CCCc1ccc(F)cc1;R100,1
O=C(O)Cc1ccc(O)c(NC[C@@H]2CCCCN2)c1,O=C(CC(=O)c1cnc(O)nc1)c1ccc(C(F)(F)F)cc1,0.205,-9.6,0.741,Oc1ncc(I)cn1;N#CCC(=O)c1ccc(C(F)(F)F)cc1;R97,1
O=C(O)Cc1ccc2c(c1)N(C(=O)CNc1cccc(O)c1)CCO2,Fc1ccc(F)c(C=NNc2ccccn2)c1,0.179,-9.1,0.7,NNc1ccccn1;O=Cc1cc(F)ccc1F;R2,1
O=C(O)Cc1ccc2c(c1)N(C(=O)CNc1ccccc1F)CCO2,[O-][N+]#Cc1c(Cl)cccc1NCc1nc2cc(Cl)ccc2[nH]1,0.27899999999999997,-9.9,0.77,[O-][N+]#Cc1c(Cl)cccc1Cl;NCc1nc2cc(Cl)ccc2[nH]1;R9,1
O=C(O)Cc1ccc2c(c1)N1C(=O)C[C@H](c3cccc(NC(=O)O)c3)C=C1CO2,CC(SCC(=O)N(C)Cc1ccccc1)C(=O)c1cc(F)ccc1F,0.276,-8.9,0.695,CN(Cc1ccccc1)C(=O)CCl;CC(Br)C(=O)c1cc(F)ccc1F;R21,1
O=C(O)Cc1ccc2c(c1)N1C(=O)N3CC=CC=C3C[C@@H]1CO2,NC12CCC(Nc3ncnc4c3ncn4Cc3nc(-c4ccccc4)cs3)(CC1)CC2,0.428,-11.0,0.868,NC12CCC(N)(CC1)CC2;NCc1nc(-c2ccccc2)cs1;R66,1
O=C(O)c1ccccc1F,[N-]=[N+]=NCC1CN(c2ccc(C3=CCCCC3)cc2)C1,0.115,-9.2,0.701,[N-]=[N+]=NCC1CNC1;Brc1ccc(C2=CCCCC2)cc1;R103,1
O=C(c1cccc(C=CCO)c1)N1CC[C@@H]2CC=CN=C2C1,CC(C)c1ccc(C(N)c2ccc(C(O)C=O)cc2)cc1,0.166,-8.7,0.669,O=CC=O;CC(C)c1ccc(C(N)c2ccc(Cl)cc2)cc1;R98,1
O=C1C=C(c2nc3c(CCCO)cccc3c(=O)[nH]2)C=C1Cc1ccon1,Cc1cc(Oc2ccc(F)c(C#N)c2)ccc1F,0.138,-9.2,0.7040000000000001,N#Cc1cc(Cl)ccc1F;Cc1cc(O)ccc1F;R56,1
O=C1C=C(c2nc3cc(Cl)ccc3c(=O)[nH]2)C=C1Cc1cccc(F)c1,CC(C)(C)OC(=O)NCC1(CCCNC(=O)NCC2CCCC2)CCCC1,0.11800000000000001,-9.9,0.754,O=C=NCC1CCCC1;CC(C)(C)OC(=O)NCC1(CCCN)CCCC1;R106,1
O=C1C=C(c2ncc(CCCCCO)c(=O)[nH]2)C=C1c1cccc(F)c1F,CC(CC(=O)NC1CCC(Cl)CC1)Nc1nc2c(ncn2COCCOC(=O)[C@@H](N)C(C)C)c(=O)[nH]1,0.36200000000000004,-8.7,0.6890000000000001,COC(=O)CC(C)=O;NC1CCC(Cl)CC1;R49;CC(C)[C@H](N)C(=O)OCCOCn1cnc2c(=O)[nH]c(N)nc21;R43,2
O=C1C=C(c2ncc(CCCC[C@H]3CCNC3)c(=O)[nH]2)C=C1c1cccc(F)c1F,Cc1nc(C)n(CCc2nnc(-c3cc(F)cc(F)c3)o2)n1,0.292,-9.8,0.764,Cc1nc(C)n(CCC(=O)O)n1;NNC(=O)c1cc(F)cc(F)c1;R51,1
O=C1CCCC2=C1CC[C@H]1C[C@@H](C2)C1,Cc1cc(C)cc(-c2ccc3c(c2)CC(Br)C3=O)c1,0.094,-9.7,0.737,Cc1cc(C)cc(Br)c1;O=C1c2ccc(Br)cc2CC1Br;R95,1
O=C1CCN(C(=O)CCNC(=O)C2=C3C=C(c4ccccc4)CCC3=NC2)C1,CC(c1ccc(O)cc1)c1ccc(OC2(C(=O)O)CCOCC2)cc1,0.225,-9.6,0.743,O=C1CCOCC1;CC(c1ccc(O)cc1)c1ccc(O)cc1;R71,1
O=C1C[C@@H](O)CC2=C1[C@H]1[C@H]3CC[C@@H](C2)[C@H]31,CC(C)(C)OC(=O)Nc1cccc(C(=O)OCC(=O)c2ccc(-c3ccccc3)cc2)c1O,0.16399999999999998,-10.6,0.8109999999999999,CC(C)(C)OC(=O)Nc1cccc(C(=O)O)c1O;O=C(CCl)c1ccc(-c2ccccc2)cc1;R31,1
O=C1C[C@H](O)CC2=C1[C@H]1CCC[C@@H](C2)C1,O=Cc1ccc2cc(-c3nc4c(c(=O)c4=O)N3)ccc2c1,0.125,-10.6,0.8079999999999999,Nc1c(N)c(=O)c1=O;O=Cc1ccc2cc(C=O)ccc2c1;R20,1
O=C1NCCN1C1=NN=C(c2ccccc2)C1,CC(=O)c1cccc(C(C)(O)CC(=O)c2cc(C)n(Cc3ccccc3)c2C)n1,0.292,-9.4,0.7340000000000001,Cc1cc(C(=O)CCl)c(C)n1Cc1ccccc1;CC(=O)c1cccc(C(C)=O)n1;R98,1
O=[N+]([O-])c1cc2occc2cn1,COC(=O)CCc1cccc(CCC(=O)NC(C)(C(=O)O)C(F)(F)F)c1,0.156,-9.4,0.721,CC(N)(C(=O)O)C(F)(F)F;COC(=O)CCc1cccc(CCC(=O)OC)c1;R49,1
O=c1[nH]ccn1C1=CN=C(c2ccccc2)C1,CCOc1ccc(N2C(=O)C(=CNCCO)c3ccccc3C2=O)cc1,0.285,-7.5,0.591,NCCO;CCOC=C1C(=O)N(c2ccc(OCC)cc2)C(=O)c2ccccc21;R7,1
OC1CCCC1,CC(C)(C)OC(=O)Cn1cnc2c(Nc3ccc(Cl)nn3)ncnc21,0.021,-8.6,0.647,CC(C)(C)OC(=O)CN;Nc1ccc(Cl)nn1;R66,1
OC1COc2ccccc2OC1,O=C1C=C(C(=O)Nc2nc(-c3ccccn3)cs2)CCC1,0.094,-9.7,0.737,COC(=O)C1=CC(=O)CCC1;Nc1nc(-c2ccccn2)cs1;R49,1
OCC=Cc1cccc(O)c1,COC(=O)C1(c2nc3cc(C(F)(F)F)ccc3O2)CC1,0.10400000000000001,-9.2,0.7,COC(=O)C1(C(=O)OC)CC1;Nc1cc(C(F)(F)F)ccc1O;R19,1
OCCCCNc1cc(-c2ccccc2F)c(O)cc1O,CC(C)(C)OC(=O)N1CCC(C(=O)C=Cc2ccc(O)cc2O)CC1,0.214,-8.3,0.644,CC(=O)C1CCN(C(=O)OC(C)(C)C)CC1;O=Cc1ccc(O)cc1O;R3,1
O[C@@H]1CCN(C2=NN=C(c3ccccc3)C2)C1,O=C(CCNC(=O)C(=O)N1CC2(COC(=O)N2)C1)OCc1ccccc1,0.223,-9.4,0.727,O=C1NC2(CNC2)CO1;NCCC(=O)OCc1ccccc1;R38,1
O[C@H]1CCN(C2=CNN=C(c3ccccc3)C2)C1,COc1cc(OC)nc(NC(=O)C(=O)NCC2CCCC2=O)n1,0.17600000000000002,-9.3,0.715,COc1cc(OC)nc(N)n1;NCC1CCCC1=O;R38,1
O[C@H]1COc2cc(C(F)(F)F)ccc21,C#CCNC(=O)C=Cc1ccc(OC)c(C(=O)OC)c1,0.309,-8.4,0.6609999999999999,C#CCNC(C)=O;COC(=O)c1cc(C=O)ccc1OC;R3,1
Oc1ccc(-c2cc(-c3ccccc3)nnn2)cc1,CC(=O)OC1CN(C(=O)C(=O)NCC2(F)CN(C(=O)OC(C)(C)C)C2)C1,0.09699999999999999,-8.4,0.64,CC(C)(C)OC(=O)N1CC(F)(CN)C1;CC(=O)OC1CNC1;R38,1
Oc1ccc(-c2cncc(-c3ccccc3F)c2)cc1F,CC(=O)O[C@H]1[C@H](OC(C)=O)C=CO[C@@H]1COC(=O)CC(=O)C1CCC(=O)CC1,0.141,-9.1,0.6970000000000001,CC(C)(C)OC(=O)C1CCC(=O)CC1;CC(=O)OC[C@H]1OC=C[C@@H](OC(C)=O)[C@@H]1OC(C)=O;R94,1
c1ccc(-c2cc(-c3ccncc3)cnn2)cc1,CC(C)(C)Sc1ccc(C(=O)c2ccc(N3CCCC(Br)C3=O)cc2)c(C=O)c1F,0.177,-8.5,0.655,CC(C)(C)Cl;O=Cc1c(Cl)ccc(Br)c1F;R21;N#Cc1ccc(N2CCCC(Br)C2=O)cc1;R97,2
c1ccc(-c2cnnc(-c3ccccc3)c2)cc1,Cc1ccc(CN(C(=O)COC(=O)c2ccc(C(=O)O)cc2)C2CC2)cc1,0.12300000000000001,-9.2,0.7020000000000001,Cc1ccc(CN(C(=O)CCl)C2CC2)cc1;O=C(O)c1ccc(C(=O)O)cc1;R31,1
c1ccc(C2=NCN=C(N3CCN(CC[C@@H]4C[C@@H]5OCC[C@@H]5O4)CC3)C2)cc1,CCOC(=O)CCC(=O)NCCc1ccc2c(c1)OCCO2,0.242,-8.4,0.654,CCOC(=O)CCC(=O)OCC;NCCc1ccc2c(c1)OCCO2;R49,1
c1ccc(C2=NNN=C(N3CCNCC3)C2)cc1,CCC(C)c1ccc(NC(=O)C(=O)Nc2cnccn2)cc1,0.21100000000000002,-9.7,0.7490000000000001,Nc1cnccn1;CCC(C)c1ccc(N)cc1;R38,1
c1ccncc1,Cc1nc2ccc(-c3nc(CCCCCCC#N)no3)cc2o1,0.031,-8.6,0.648,N#CCCCCCCC#N;Cc1nc2ccc(C(=O)O)cc2o1;R46,1
