target,smiles,score,synthesis,num_steps,scf_sim,pharm2d_sim,rdkit_sim
CC1=NN(CC=Cc2cc(F)ccc2[C@H]2CCC[C@@H]2N)C2=NN=C[C@@H]12,C=CC(C=Cc1cc(F)ccc1C1CC1)Oc1cc(F)ccc1CN(CC(CC(C)=O)C(=O)CC(=O)Br)c1ncnc2c1ncn2C1CCCC1c1ccc(C)cc1,0.21705426356589147,Cc1ccc(C2CCCC2N)cc1;NCc1ccc(F)cc1Cl;R66;C=CC(O)C=C;R56;CCOC(=O)C(C=O)CC(C)=O;R43;CC(=O)Br;R94;Fc1ccc(C2CC2)c(Br)c1;R96,5,0.27586206896551724,0.2770780856423174,0.4642018779342723
CC1=NN(CC=Cc2cc(F)ccc2[C@H]2CCC[C@@H]2N)C2=NN=C[C@@H]12,C=CC(C=Cc1cc(F)ccc1C1CC1)Oc1cc(F)ccc1CN(c1ncnc2c1ncn2C1CCCC1c1ccc(C)cc1)C(C)CC(C=O)C(=O)CC(=O)Br,0.21705426356589147,Cc1ccc(C2CCCC2N)cc1;NCc1ccc(F)cc1Cl;R66;C=CC(O)C=C;R56;CCOC(=O)C(C=O)CC(C)=O;R43;CC(=O)Br;R94;Fc1ccc(C2CC2)c(Br)c1;R96,5,0.27586206896551724,0.269449715370019,0.45952242283051836
CC1=NN(CC=Cc2cc(F)ccc2[C@H]2CCC[C@@H]2N)C2=NN=C[C@@H]12,C=CC(C=Cc1cc(F)ccc1C1CC1)Oc1cc(F)ccc1Cn1cnc2c(N(CC(CC(C)=O)C(=O)CC(=O)Br)C3CCCC3c3ccc(C)cc3)ncnc21,0.2153846153846154,Cc1ccc(C2CCCC2N)cc1;NCc1ccc(F)cc1Cl;R66;C=CC(O)C=C;R56;CCOC(=O)C(C=O)CC(C)=O;R43;CC(=O)Br;R94;Fc1ccc(C2CC2)c(Br)c1;R96,5,0.2727272727272727,0.2748375116063138,0.47306098283007697
CC1=NN(CC=Cc2cc(F)ccc2[C@H]2CCC[C@@H]2N)C2=NN=C[C@@H]12,C=CC(C=Cc1cc(F)ccc1C1CC1)Oc1cc(F)ccc1Cn1cnc2c(N(C(C)CC(C=O)C(=O)CC(=O)Br)C3CCCC3c3ccc(C)cc3)ncnc21,0.21374045801526717,Cc1ccc(C2CCCC2N)cc1;NCc1ccc(F)cc1Cl;R66;C=CC(O)C=C;R56;CCOC(=O)C(C=O)CC(C)=O;R43;CC(=O)Br;R94;Fc1ccc(C2CC2)c(Br)c1;R96,5,0.2727272727272727,0.2613430127041742,0.46932698034544373
CC1=NN(CC=Cc2cc(F)ccc2[C@H]2CCC[C@@H]2N)C2=NN=C[C@@H]12,C=CC(C=Cc1cc(F)ccc1C1CC1)Oc1cc(F)ccc1CN(c1ncnc2c1ncn2C1CCCC1c1ccc(C)cc1)C(C)(CC(C=O)C(=O)NC(C)(C)C)C(=O)O,0.208955223880597,Cc1ccc(C2CCCC2N)cc1;NCc1ccc(F)cc1Cl;R66;C=CC(O)C=C;R56;CCOC(=O)C(C=O)CC(C)=O;R71;CC(C)(C)N;R49;Fc1ccc(C2CC2)c(Br)c1;R96,5,0.27586206896551724,0.22627235213204952,0.46783295711060946
CC1=NN(CC=Cc2cc(F)ccc2[C@H]2CCC[C@@H]2N)C2=NN=C[C@@H]12,C=CC(C=Cc1cc(F)ccc1C1CC1)Oc1cc(F)ccc1Cn1cnc2c(N(C3CCCC3c3ccc(C)cc3)C(C)(CC(C=O)C(=O)NC(C)(C)C)C(=O)O)ncnc21,0.2074074074074074,Cc1ccc(C2CCCC2N)cc1;NCc1ccc(F)cc1Cl;R66;C=CC(O)C=C;R56;CCOC(=O)C(C=O)CC(C)=O;R71;CC(C)(C)N;R49;Fc1ccc(C2CC2)c(Br)c1;R96,5,0.2727272727272727,0.2075772047118752,0.47095671981776766
CC1=NN(CC=Cc2cc(F)ccc2[C@H]2CCC[C@@H]2N)C2=NN=C[C@@H]12,C=CC(C=Cc1cc(F)ccc1C1CC1)Oc1cc(F)ccc1CN(c1ncnc2c1ncn2C1CCCC1c1ccc(C)cc1)C(C)(CC(C=O)C(=O)OCC)C(=O)NC(C)(C)C,0.20588235294117646,Cc1ccc(C2CCCC2N)cc1;NCc1ccc(F)cc1Cl;R66;C=CC(O)C=C;R56;CCOC(=O)C(C=O)CC(C)=O;R71;CC(C)(C)N;R8;Fc1ccc(C2CC2)c(Br)c1;R96,5,0.27586206896551724,0.2573618394513917,0.46030871003307605
CC1=NN(CC=Cc2cc(F)ccc2[C@H]2CCC[C@@H]2N)C2=NN=C[C@@H]12,C=CC(C=Cc1cc(F)ccc1C1CC1)Oc1cc(F)ccc1Cn1cnc2c(N(C3CCCC3c3ccc(C)cc3)C(C)(CC(C=O)C(=O)OCC)C(=O)NC(C)(C)C)ncnc21,0.20437956204379562,Cc1ccc(C2CCCC2N)cc1;NCc1ccc(F)cc1Cl;R66;C=CC(O)C=C;R56;CCOC(=O)C(C=O)CC(C)=O;R71;CC(C)(C)N;R8;Fc1ccc(C2CC2)c(Br)c1;R96,5,0.2727272727272727,0.23728813559322035,0.4681919642857143
CC1=NN(CC=Cc2cc(F)ccc2[C@H]2CCC[C@@H]2N)C2=NN=C[C@@H]12,C=CC(C=Cc1cc(F)ccc1C1CC1)Oc1cc(F)ccc1CN(c1ncnc2c1ncn2C1CCCC1c1ccc(C)cc1)C(C)CC(C=CC(=O)C1=NC(=O)CC=N1)C(=O)OCC,0.19718309859154928,Cc1ccc(C2CCCC2N)cc1;NCc1ccc(F)cc1Cl;R66;C=CC(O)C=C;R56;CCOC(=O)C(C=O)CC(C)=O;R43;CC(=O)C1=NC(=O)CC=N1;R3;Fc1ccc(C2CC2)c(Br)c1;R96,5,0.21052631578947367,0.29305002213368747,0.47058823529411764
CC1=NN(CC=Cc2cc(F)ccc2[C@H]2CCC[C@@H]2N)C2=NN=C[C@@H]12,C=CC(C=Cc1cc(F)ccc1C1CC1)Oc1cc(F)ccc1CN(c1ncnc2c1ncn2C1CCCC1c1ccc(C)cc1)C(C)CC(C=C1C=NC(C(C)=O)=NC1=O)C(=O)OCC,0.19718309859154928,Cc1ccc(C2CCCC2N)cc1;NCc1ccc(F)cc1Cl;R66;C=CC(O)C=C;R56;CCOC(=O)C(C=O)CC(C)=O;R43;CC(=O)C1=NC(=O)CC=N1;R3;Fc1ccc(C2CC2)c(Br)c1;R96,5,0.22018348623853212,0.2871024734982332,0.4750140370578327
CC1=NN(CC=Cc2cc(F)ccc2[C@H]2CCC[C@@H]2N)C2=NN=C[C@@H]12,C=CC(C=Cc1cc(F)ccc1NN)Oc1cc(F)ccc1CN(CC(CC(C)=O)C(=O)CC(=O)Cl)c1ncnc2c1ncn2C1CCCC1c1ccc(C)cc1,0.19548872180451127,Cc1ccc(C2CCCC2N)cc1;NCc1ccc(F)cc1Cl;R66;C=CC(O)C=C;R56;CCOC(=O)C(C=O)CC(C)=O;R43;CC(=O)Cl;R94;NNc1ccc(F)cc1Br;R96,5,,,
CC1=NN(CC=Cc2cc(F)ccc2[C@H]2CCC[C@@H]2N)C2=NN=C[C@@H]12,C=CC(C=Cc1cc(F)ccc1NN)Oc1cc(F)ccc1CN(c1ncnc2c1ncn2C1CCCC1c1ccc(C)cc1)C(C)CC(C=O)C(=O)CC(=O)Cl,0.19548872180451127,Cc1ccc(C2CCCC2N)cc1;NCc1ccc(F)cc1Cl;R66;C=CC(O)C=C;R56;CCOC(=O)C(C=O)CC(C)=O;R43;CC(=O)Cl;R94;NNc1ccc(F)cc1Br;R96,5,,,
CC1=NN(CC=Cc2cc(F)ccc2[C@H]2CCC[C@@H]2N)C2=NN=C[C@@H]12,C=CC(C=Cc1cc(F)ccc1C1CC1)Oc1cc(F)ccc1Cn1cnc2c(N(C(C)CC(C=C3C=NC(C(C)=O)=NC3=O)C(=O)OCC)C3CCCC3c3ccc(C)cc3)ncnc21,0.19444444444444445,Cc1ccc(C2CCCC2N)cc1;NCc1ccc(F)cc1Cl;R66;C=CC(O)C=C;R56;CCOC(=O)C(C=O)CC(C)=O;R43;CC(=O)C1=NC(=O)CC=N1;R3;Fc1ccc(C2CC2)c(Br)c1;R96,5,,,
CC1=NN(CC=Cc2cc(F)ccc2[C@H]2CCC[C@@H]2N)C2=NN=C[C@@H]12,C=CC(C=Cc1cc(F)ccc1C1CC1)Oc1cc(F)ccc1Cn1cnc2c(N(C(C)CC(C=CC(=O)C3=NC(=O)CC=N3)C(=O)OCC)C3CCCC3c3ccc(C)cc3)ncnc21,0.19444444444444445,Cc1ccc(C2CCCC2N)cc1;NCc1ccc(F)cc1Cl;R66;C=CC(O)C=C;R56;CCOC(=O)C(C=O)CC(C)=O;R43;CC(=O)C1=NC(=O)CC=N1;R3;Fc1ccc(C2CC2)c(Br)c1;R96,5,,,
CC1=NN(CC=Cc2cc(F)ccc2[C@H]2CCC[C@@H]2N)C2=NN=C[C@@H]12,C=CC(C=Cc1cc(F)ccc1C(=O)NN)Oc1cc(F)ccc1CN(C(=O)C(C=O)CC(C)(C(=O)O)n1cnnc1)c1ncnc2c1ncn2C1CCCC1c1ccc(C)cc1,0.19424460431654678,Cc1ccc(C2CCCC2N)cc1;NCc1ccc(F)cc1Cl;R66;C=CC(O)C=C;R56;CCOC(=O)C(C=O)CC(C)=O;R49;c1nnc[nH]1;R71;NNC(=O)c1ccc(F)cc1Br;R96,5,,,
CC1=NN(CC=Cc2cc(F)ccc2[C@H]2CCC[C@@H]2N)C2=NN=C[C@@H]12,C=CC(C=Cc1cc(F)ccc1NN)Oc1cc(F)ccc1Cn1cnc2c(N(CC(CC(C)=O)C(=O)CC(=O)Cl)C3CCCC3c3ccc(C)cc3)ncnc21,0.19402985074626866,Cc1ccc(C2CCCC2N)cc1;NCc1ccc(F)cc1Cl;R66;C=CC(O)C=C;R56;CCOC(=O)C(C=O)CC(C)=O;R43;CC(=O)Cl;R94;NNc1ccc(F)cc1Br;R96,5,,,
CC1=NN(CC=Cc2cc(F)ccc2[C@H]2CCC[C@@H]2N)C2=NN=C[C@@H]12,C=CC(C=Cc1cc(F)ccc1C(=O)NN)Oc1cc(F)ccc1Cn1cnc2c(N(C(=O)C(C=O)CC(C)(C(=O)O)n3cnnc3)C3CCCC3c3ccc(C)cc3)ncnc21,0.19285714285714287,Cc1ccc(C2CCCC2N)cc1;NCc1ccc(F)cc1Cl;R66;C=CC(O)C=C;R56;CCOC(=O)C(C=O)CC(C)=O;R49;c1nnc[nH]1;R71;NNC(=O)c1ccc(F)cc1Br;R96,5,,,
CC1=NN(CC=Cc2cc(F)ccc2[C@H]2CCC[C@@H]2N)C2=NN=C[C@@H]12,C=CC(C=Cc1cc(F)ccc1NN)Oc1cc(F)ccc1Cn1cnc2c(N(C(C)CC(C=O)C(=O)CC(=O)Cl)C3CCCC3c3ccc(C)cc3)ncnc21,0.1925925925925926,Cc1ccc(C2CCCC2N)cc1;NCc1ccc(F)cc1Cl;R66;C=CC(O)C=C;R56;CCOC(=O)C(C=O)CC(C)=O;R43;CC(=O)Cl;R94;NNc1ccc(F)cc1Br;R96,5,,,
CC1=NN(CC=Cc2cc(F)ccc2[C@H]2CCC[C@@H]2N)C2=NN=C[C@@H]12,C=CC(C=C)Oc1cc(F)ccc1CN(CC1=C(CC(N)=O)N(C2CCC2)N=C(C)C1)c1ncnc2c1ncn2C1CCCC1c1ccc(C)cc1,0.192,Cc1ccc(C2CCCC2N)cc1;NCc1ccc(F)cc1Cl;R66;C=CC(O)C=C;R56;CCOC(=O)C(C=O)CC(C)=O;R43;CC(N)=O;R94;NNC1CCC1;R15,5,,,
CC1=NN(CC=Cc2cc(F)ccc2[C@H]2CCC[C@@H]2N)C2=NN=C[C@@H]12,C=CC(C=C)Oc1cc(F)ccc1CN(CC1=C(CC(=O)C(C)=O)N(CC)N=C(C)C1)c1ncnc2c1ncn2C1CCCC1c1ccc(C)cc1,0.192,Cc1ccc(C2CCCC2N)cc1;NCc1ccc(F)cc1Cl;R66;C=CC(O)C=C;R56;CCOC(=O)C(C=O)CC(C)=O;R43;CC(=O)C(C)=O;R94;CCNN;R15,5,,,
CC1=NN(CC=Cc2cc(F)ccc2[C@H]2CCC[C@@H]2N)C2=NN=C[C@@H]12,C=CC(C=C)Oc1cc(F)ccc1CN(CC1=C(CC(N)=O)N(C2CC2)N=C(C)C1)c1ncnc2c1ncn2C1CCCC1c1ccc(C)cc1,0.192,Cc1ccc(C2CCCC2N)cc1;NCc1ccc(F)cc1Cl;R66;C=CC(O)C=C;R56;CCOC(=O)C(C=O)CC(C)=O;R43;CC(N)=O;R94;NNC1CC1;R15,5,,,
CC1=NN(CC=Cc2cc(F)ccc2[C@H]2CCC[C@@H]2N)C2=NN=C[C@@H]12,C=CC(C=C)Oc1cc(F)ccc1CN(CC1C=C(C)N(C2CCC2)N=C1CC(N)=O)c1ncnc2c1ncn2C1CCCC1c1ccc(C)cc1,0.19047619047619047,Cc1ccc(C2CCCC2N)cc1;NCc1ccc(F)cc1Cl;R66;C=CC(O)C=C;R56;CCOC(=O)C(C=O)CC(C)=O;R43;CC(N)=O;R94;NNC1CCC1;R15,5,,,
CC1=NN(CC=Cc2cc(F)ccc2[C@H]2CCC[C@@H]2N)C2=NN=C[C@@H]12,C=CC(C=C)Oc1cc(F)ccc1CN(CC1=C(CC(N)=O)N(C2CCCC2)N=C(C)C1)c1ncnc2c1ncn2C1CCCC1c1ccc(C)cc1,0.19047619047619047,Cc1ccc(C2CCCC2N)cc1;NCc1ccc(F)cc1Cl;R66;C=CC(O)C=C;R56;CCOC(=O)C(C=O)CC(C)=O;R43;CC(N)=O;R94;NNC1CCCC1;R15,5,,,
CC1=NN(CC=Cc2cc(F)ccc2[C@H]2CCC[C@@H]2N)C2=NN=C[C@@H]12,C=CC(C=C)Oc1cc(F)ccc1CN(CC1C=C(C)N(CC)N=C1CC(=O)C(C)=O)c1ncnc2c1ncn2C1CCCC1c1ccc(C)cc1,0.19047619047619047,Cc1ccc(C2CCCC2N)cc1;NCc1ccc(F)cc1Cl;R66;C=CC(O)C=C;R56;CCOC(=O)C(C=O)CC(C)=O;R43;CC(=O)C(C)=O;R94;CCNN;R15,5,,,
CC1=NN(CC=Cc2cc(F)ccc2[C@H]2CCC[C@@H]2N)C2=NN=C[C@@H]12,C=CC(C=C)Oc1cc(F)ccc1CN(CC1C=C(C)N(C2CC2)N=C1CC(N)=O)c1ncnc2c1ncn2C1CCCC1c1ccc(C)cc1,0.19047619047619047,Cc1ccc(C2CCCC2N)cc1;NCc1ccc(F)cc1Cl;R66;C=CC(O)C=C;R56;CCOC(=O)C(C=O)CC(C)=O;R43;CC(N)=O;R94;NNC1CC1;R15,5,,,
CC1=NN(CC=Cc2cc(F)ccc2[C@H]2CCC[C@@H]2N)C2=NN=C[C@@H]12,C=CC(C=C)Oc1cc(F)ccc1Cn1cnc2c(N(CC3=C(CC(N)=O)N(C4CCC4)N=C(C)C3)C3CCCC3c3ccc(C)cc3)ncnc21,0.1889763779527559,Cc1ccc(C2CCCC2N)cc1;NCc1ccc(F)cc1Cl;R66;C=CC(O)C=C;R56;CCOC(=O)C(C=O)CC(C)=O;R43;CC(N)=O;R94;NNC1CCC1;R15,5,,,
CC1=NN(CC=Cc2cc(F)ccc2[C@H]2CCC[C@@H]2N)C2=NN=C[C@@H]12,C=CC(C=C)Oc1cc(F)ccc1Cn1cnc2c(N(CC3C=C(C)N(C4CCC4)N=C3CC(N)=O)C3CCCC3c3ccc(C)cc3)ncnc21,0.1889763779527559,Cc1ccc(C2CCCC2N)cc1;NCc1ccc(F)cc1Cl;R66;C=CC(O)C=C;R56;CCOC(=O)C(C=O)CC(C)=O;R43;CC(N)=O;R94;NNC1CCC1;R15,5,,,
CC1=NN(CC=Cc2cc(F)ccc2[C@H]2CCC[C@@H]2N)C2=NN=C[C@@H]12,C=CC(C=C)Oc1cc(F)ccc1CN(CC1C=C(C)N(C2CCCC2)N=C1CC(N)=O)c1ncnc2c1ncn2C1CCCC1c1ccc(C)cc1,0.1889763779527559,Cc1ccc(C2CCCC2N)cc1;NCc1ccc(F)cc1Cl;R66;C=CC(O)C=C;R56;CCOC(=O)C(C=O)CC(C)=O;R43;CC(N)=O;R94;NNC1CCCC1;R15,5,,,
CC1=NN(CC=Cc2cc(F)ccc2[C@H]2CCC[C@@H]2N)C2=NN=C[C@@H]12,C=CC(C=C)Oc1cc(F)ccc1CN(CC1=C(CC(N)=O)N(C2CCCCC2)N=C(C)C1)c1ncnc2c1ncn2C1CCCC1c1ccc(C)cc1,0.1889763779527559,Cc1ccc(C2CCCC2N)cc1;NCc1ccc(F)cc1Cl;R66;C=CC(O)C=C;R56;CCOC(=O)C(C=O)CC(C)=O;R43;CC(N)=O;R94;NNC1CCCCC1;R15,5,,,
CC1=NN(CC=Cc2cc(F)ccc2[C@H]2CCC[C@@H]2N)C2=NN=C[C@@H]12,C=CC(C=C)Oc1cc(F)ccc1CN(CC1=C(CC(N)=O)N(C2CCCCCCC2)N=C(C)C1)c1ncnc2c1ncn2C1CCCC1c1ccc(C)cc1,0.1889763779527559,Cc1ccc(C2CCCC2N)cc1;NCc1ccc(F)cc1Cl;R66;C=CC(O)C=C;R56;CCOC(=O)C(C=O)CC(C)=O;R43;CC(N)=O;R94;NNC1CCCCCCC1;R15,5,,,
CC1=NN(CC=Cc2cc(F)ccc2[C@H]2CCC[C@@H]2N)C2=NN=C[C@@H]12,C=CC(C=C)Oc1cc(F)ccc1CN(CC1=C(CC(N)=O)N(C2CCCCCC2)N=C(C)C1)c1ncnc2c1ncn2C1CCCC1c1ccc(C)cc1,0.1889763779527559,Cc1ccc(C2CCCC2N)cc1;NCc1ccc(F)cc1Cl;R66;C=CC(O)C=C;R56;CCOC(=O)C(C=O)CC(C)=O;R43;CC(N)=O;R94;NNC1CCCCCC1;R15,5,,,
CC1=NN(CC=Cc2cc(F)ccc2[C@H]2CCC[C@@H]2N)C2=NN=C[C@@H]12,C=CC(C=C)Oc1cc(F)ccc1Cn1cnc2c(N(CC3=C(CC(N)=O)N(C4CC4)N=C(C)C3)C3CCCC3c3ccc(C)cc3)ncnc21,0.1889763779527559,Cc1ccc(C2CCCC2N)cc1;NCc1ccc(F)cc1Cl;R66;C=CC(O)C=C;R56;CCOC(=O)C(C=O)CC(C)=O;R43;CC(N)=O;R94;NNC1CC1;R15,5,,,
CC1=NN(CC=Cc2cc(F)ccc2[C@H]2CCC[C@@H]2N)C2=NN=C[C@@H]12,C=CC(C=C)Oc1cc(F)ccc1Cn1cnc2c(N(CC3C=C(C)N(C4CC4)N=C3CC(N)=O)C3CCCC3c3ccc(C)cc3)ncnc21,0.1889763779527559,Cc1ccc(C2CCCC2N)cc1;NCc1ccc(F)cc1Cl;R66;C=CC(O)C=C;R56;CCOC(=O)C(C=O)CC(C)=O;R43;CC(N)=O;R94;NNC1CC1;R15,5,,,
CC1=NN(CC=Cc2cc(F)ccc2[C@H]2CCC[C@@H]2N)C2=NN=C[C@@H]12,C=CC(C=C)Oc1cc(F)ccc1CN(CC1=C(CC(=O)C(C)=O)N(CCC)N=C(C)C1)c1ncnc2c1ncn2C1CCCC1c1ccc(C)cc1,0.1889763779527559,Cc1ccc(C2CCCC2N)cc1;NCc1ccc(F)cc1Cl;R66;C=CC(O)C=C;R56;CCOC(=O)C(C=O)CC(C)=O;R43;CC(=O)C(C)=O;R94;CCCNN;R15,5,,,
CC1=NN(CC=Cc2cc(F)ccc2[C@H]2CCC[C@@H]2N)C2=NN=C[C@@H]12,C=CC(C=C)Oc1cc(F)ccc1Cn1cnc2c(N(CC3C=C(C)N(C4CCCC4)N=C3CC(N)=O)C3CCCC3c3ccc(C)cc3)ncnc21,0.1875,Cc1ccc(C2CCCC2N)cc1;NCc1ccc(F)cc1Cl;R66;C=CC(O)C=C;R56;CCOC(=O)C(C=O)CC(C)=O;R43;CC(N)=O;R94;NNC1CCCC1;R15,5,,,
CC1=NN(CC=Cc2cc(F)ccc2[C@H]2CCC[C@@H]2N)C2=NN=C[C@@H]12,C=CC(C=C)Oc1cc(F)ccc1Cn1cnc2c(N(CC3=C(CC(N)=O)N(C4CCCC4)N=C(C)C3)C3CCCC3c3ccc(C)cc3)ncnc21,0.1875,Cc1ccc(C2CCCC2N)cc1;NCc1ccc(F)cc1Cl;R66;C=CC(O)C=C;R56;CCOC(=O)C(C=O)CC(C)=O;R43;CC(N)=O;R94;NNC1CCCC1;R15,5,,,
CC1=NN(CC=Cc2cc(F)ccc2[C@H]2CCC[C@@H]2N)C2=NN=C[C@@H]12,C=CC(C=C)Oc1cc(F)ccc1Cn1cnc2c(N(CC3C=C(C)N(CC)N=C3CC(=O)C(C)=O)C3CCCC3c3ccc(C)cc3)ncnc21,0.1875,Cc1ccc(C2CCCC2N)cc1;NCc1ccc(F)cc1Cl;R66;C=CC(O)C=C;R56;CCOC(=O)C(C=O)CC(C)=O;R43;CC(=O)C(C)=O;R94;CCNN;R15,5,,,
CC1=NN(CC=Cc2cc(F)ccc2[C@H]2CCC[C@@H]2N)C2=NN=C[C@@H]12,C=CC(C=C)Oc1cc(F)ccc1Cn1cnc2c(N(CC3=C(CC(=O)C(C)=O)N(CC)N=C(C)C3)C3CCCC3c3ccc(C)cc3)ncnc21,0.1875,Cc1ccc(C2CCCC2N)cc1;NCc1ccc(F)cc1Cl;R66;C=CC(O)C=C;R56;CCOC(=O)C(C=O)CC(C)=O;R43;CC(=O)C(C)=O;R94;CCNN;R15,5,,,
CC1=NN(CC=Cc2cc(F)ccc2[C@H]2CCC[C@@H]2N)C2=NN=C[C@@H]12,C=CC(C=C)Oc1cc(F)ccc1CN(CC1C=C(C)N(C2CCCCC2)N=C1CC(N)=O)c1ncnc2c1ncn2C1CCCC1c1ccc(C)cc1,0.1875,Cc1ccc(C2CCCC2N)cc1;NCc1ccc(F)cc1Cl;R66;C=CC(O)C=C;R56;CCOC(=O)C(C=O)CC(C)=O;R43;CC(N)=O;R94;NNC1CCCCC1;R15,5,,,
CC1=NN(CC=Cc2cc(F)ccc2[C@H]2CCC[C@@H]2N)C2=NN=C[C@@H]12,C=CC(C=C)Oc1cc(F)ccc1CN(CC1C=C(C)N(C2CCCCCCC2)N=C1CC(N)=O)c1ncnc2c1ncn2C1CCCC1c1ccc(C)cc1,0.1875,Cc1ccc(C2CCCC2N)cc1;NCc1ccc(F)cc1Cl;R66;C=CC(O)C=C;R56;CCOC(=O)C(C=O)CC(C)=O;R43;CC(N)=O;R94;NNC1CCCCCCC1;R15,5,,,
CC1=NN(CC=Cc2cc(F)ccc2[C@H]2CCC[C@@H]2N)C2=NN=C[C@@H]12,C=CC(C=C)Oc1cc(F)ccc1CN(CC1C=C(C)N(C2CCCCCC2)N=C1CC(N)=O)c1ncnc2c1ncn2C1CCCC1c1ccc(C)cc1,0.1875,Cc1ccc(C2CCCC2N)cc1;NCc1ccc(F)cc1Cl;R66;C=CC(O)C=C;R56;CCOC(=O)C(C=O)CC(C)=O;R43;CC(N)=O;R94;NNC1CCCCCC1;R15,5,,,
CC1=NN(CC=Cc2cc(F)ccc2[C@H]2CCC[C@@H]2N)C2=NN=C[C@@H]12,C=CC(C=C)Oc1cc(F)ccc1CN(CC1C=C(C)N(CCC)N=C1CC(=O)C(C)=O)c1ncnc2c1ncn2C1CCCC1c1ccc(C)cc1,0.1875,Cc1ccc(C2CCCC2N)cc1;NCc1ccc(F)cc1Cl;R66;C=CC(O)C=C;R56;CCOC(=O)C(C=O)CC(C)=O;R43;CC(=O)C(C)=O;R94;CCCNN;R15,5,,,
CC1=NN(CC=Cc2cc(F)ccc2[C@H]2CCC[C@@H]2N)C2=NN=C[C@@H]12,C=CC(C=C)Oc1cc(F)ccc1Cn1cnc2c(N(CC3C=C(C)N(C4CCCCC4)N=C3CC(N)=O)C3CCCC3c3ccc(C)cc3)ncnc21,0.18604651162790697,Cc1ccc(C2CCCC2N)cc1;NCc1ccc(F)cc1Cl;R66;C=CC(O)C=C;R56;CCOC(=O)C(C=O)CC(C)=O;R43;CC(N)=O;R94;NNC1CCCCC1;R15,5,,,
CC1=NN(CC=Cc2cc(F)ccc2[C@H]2CCC[C@@H]2N)C2=NN=C[C@@H]12,C=CC(C=C)Oc1cc(F)ccc1Cn1cnc2c(N(CC3=C(CC(N)=O)N(C4CCCCC4)N=C(C)C3)C3CCCC3c3ccc(C)cc3)ncnc21,0.18604651162790697,Cc1ccc(C2CCCC2N)cc1;NCc1ccc(F)cc1Cl;R66;C=CC(O)C=C;R56;CCOC(=O)C(C=O)CC(C)=O;R43;CC(N)=O;R94;NNC1CCCCC1;R15,5,,,
CC1=NN(CC=Cc2cc(F)ccc2[C@H]2CCC[C@@H]2N)C2=NN=C[C@@H]12,C=CC(C=C)Oc1cc(F)ccc1Cn1cnc2c(N(CC3=C(CC(N)=O)N(C4CCCCCCC4)N=C(C)C3)C3CCCC3c3ccc(C)cc3)ncnc21,0.18604651162790697,Cc1ccc(C2CCCC2N)cc1;NCc1ccc(F)cc1Cl;R66;C=CC(O)C=C;R56;CCOC(=O)C(C=O)CC(C)=O;R43;CC(N)=O;R94;NNC1CCCCCCC1;R15,5,,,
CC1=NN(CC=Cc2cc(F)ccc2[C@H]2CCC[C@@H]2N)C2=NN=C[C@@H]12,C=CC(C=C)Oc1cc(F)ccc1Cn1cnc2c(N(CC3C=C(C)N(C4CCCCCCC4)N=C3CC(N)=O)C3CCCC3c3ccc(C)cc3)ncnc21,0.18604651162790697,Cc1ccc(C2CCCC2N)cc1;NCc1ccc(F)cc1Cl;R66;C=CC(O)C=C;R56;CCOC(=O)C(C=O)CC(C)=O;R43;CC(N)=O;R94;NNC1CCCCCCC1;R15,5,,,
CC1=NN(CC=Cc2cc(F)ccc2[C@H]2CCC[C@@H]2N)C2=NN=C[C@@H]12,C=CC(C=C)Oc1cc(F)ccc1Cn1cnc2c(N(CC3=C(CC(N)=O)N(C4CCCCCC4)N=C(C)C3)C3CCCC3c3ccc(C)cc3)ncnc21,0.18604651162790697,Cc1ccc(C2CCCC2N)cc1;NCc1ccc(F)cc1Cl;R66;C=CC(O)C=C;R56;CCOC(=O)C(C=O)CC(C)=O;R43;CC(N)=O;R94;NNC1CCCCCC1;R15,5,,,
CC1=NN(CC=Cc2cc(F)ccc2[C@H]2CCC[C@@H]2N)C2=NN=C[C@@H]12,C=CC(C=C)Oc1cc(F)ccc1Cn1cnc2c(N(CC3C=C(C)N(C4CCCCCC4)N=C3CC(N)=O)C3CCCC3c3ccc(C)cc3)ncnc21,0.18604651162790697,Cc1ccc(C2CCCC2N)cc1;NCc1ccc(F)cc1Cl;R66;C=CC(O)C=C;R56;CCOC(=O)C(C=O)CC(C)=O;R43;CC(N)=O;R94;NNC1CCCCCC1;R15,5,,,
CC1=NN(CC=Cc2cc(F)ccc2[C@H]2CCC[C@@H]2N)C2=NN=C[C@@H]12,C=CC(C=C)Oc1cc(F)ccc1CN(c1ncnc2c1ncn2C1CCCC1c1ccc(C)cc1)C(C)CC(C(=O)CC(=O)Br)C(O)c1cc(F)ccc1C1CC1,0.18461538461538463,Cc1ccc(C2CCCC2N)cc1;NCc1ccc(F)cc1Cl;R66;C=CC(O)C=C;R56;CCOC(=O)C(C=O)CC(C)=O;R43;CC(=O)Br;R94;Fc1ccc(C2CC2)c(Br)c1;R98,5,,,
CC1=NN(CC=Cc2cc(F)ccc2[C@H]2CCC[C@@H]2N)C2=NN=C[C@@H]12,C=CC(C=C)Oc1cc(F)ccc1Cn1cnc2c(N(CC3C=C(C)N(CCC)N=C3CC(=O)C(C)=O)C3CCCC3c3ccc(C)cc3)ncnc21,0.18461538461538463,Cc1ccc(C2CCCC2N)cc1;NCc1ccc(F)cc1Cl;R66;C=CC(O)C=C;R56;CCOC(=O)C(C=O)CC(C)=O;R43;CC(=O)C(C)=O;R94;CCCNN;R15,5,,,
CC1=NN(CC=Cc2cc(F)ccc2[C@H]2CCC[C@@H]2N)C2=NN=C[C@@H]12,C=CC(C=C)Oc1cc(F)ccc1Cn1cnc2c(N(CC3=C(CC(=O)C(C)=O)N(CCC)N=C(C)C3)C3CCCC3c3ccc(C)cc3)ncnc21,0.18461538461538463,Cc1ccc(C2CCCC2N)cc1;NCc1ccc(F)cc1Cl;R66;C=CC(O)C=C;R56;CCOC(=O)C(C=O)CC(C)=O;R43;CC(=O)C(C)=O;R94;CCCNN;R15,5,,,
CC1=NN(CC=Cc2cc(F)ccc2[C@H]2CCC[C@@H]2N)C2=NN=C[C@@H]12,C=CC(C=C)Oc1cc(F)ccc1CN(c1ncnc2c1ncn2C1CCCC1c1ccc(C)cc1)C(C)Cc1cnn(C2CCC2)c1CC(N)=O,0.184,Cc1ccc(C2CCCC2N)cc1;NCc1ccc(F)cc1Cl;R66;C=CC(O)C=C;R56;CCOC(=O)C(C=O)CC(C)=O;R43;CC(N)=O;R94;NNC1CCC1;R14,5,,,
CC1=NN(CC=Cc2cc(F)ccc2[C@H]2CCC[C@@H]2N)C2=NN=C[C@@H]12,C=CC(C=C)Oc1cc(F)ccc1CN(c1ncnc2c1ncn2C1CCCC1c1ccc(C)cc1)C(C)Cc1cnn(C2CC2)c1CC(N)=O,0.184,Cc1ccc(C2CCCC2N)cc1;NCc1ccc(F)cc1Cl;R66;C=CC(O)C=C;R56;CCOC(=O)C(C=O)CC(C)=O;R43;CC(N)=O;R94;NNC1CC1;R14,5,,,
CC1=NN(CC=Cc2cc(F)ccc2[C@H]2CCC[C@@H]2N)C2=NN=C[C@@H]12,C=CC(C=Cc1cc(F)ccc1NN)Oc1cc(F)ccc1CN(c1ncnc2c1ncn2C1CCCC1c1ccc(C)cc1)C(C)CC(C=CC(=O)c1ccccc1C(C)=O)C(=O)OCC,0.18309859154929578,Cc1ccc(C2CCCC2N)cc1;NCc1ccc(F)cc1Cl;R66;C=CC(O)C=C;R56;CCOC(=O)C(C=O)CC(C)=O;R43;CC(=O)c1ccccc1C(C)=O;R3;NNc1ccc(F)cc1Br;R96,5,,,
CC1=NN(CC=Cc2cc(F)ccc2[C@H]2CCC[C@@H]2N)C2=NN=C[C@@H]12,C=CC(C=C)Oc1cc(F)ccc1CN(c1ncnc2c1ncn2C1CCCC1c1ccc(C)cc1)C(C)Cc1cn(C2CCC2)nc1CC(N)=O,0.18253968253968253,Cc1ccc(C2CCCC2N)cc1;NCc1ccc(F)cc1Cl;R66;C=CC(O)C=C;R56;CCOC(=O)C(C=O)CC(C)=O;R43;CC(N)=O;R94;NNC1CCC1;R14,5,,,
CC1=NN(CC=Cc2cc(F)ccc2[C@H]2CCC[C@@H]2N)C2=NN=C[C@@H]12,C=CC(C=C)Oc1cc(F)ccc1CN(c1ncnc2c1ncn2C1CCCC1c1ccc(C)cc1)C(C)Cc1cnn(C2CCCC2)c1CC(N)=O,0.18253968253968253,Cc1ccc(C2CCCC2N)cc1;NCc1ccc(F)cc1Cl;R66;C=CC(O)C=C;R56;CCOC(=O)C(C=O)CC(C)=O;R43;CC(N)=O;R94;NNC1CCCC1;R14,5,,,
CC1=NN(CC=Cc2cc(F)ccc2[C@H]2CCC[C@@H]2N)C2=NN=C[C@@H]12,C=CC(C=C)Oc1cc(F)ccc1CN(c1ncnc2c1ncn2C1CCCC1c1ccc(C)cc1)C(C)Cc1cn(C2CC2)nc1CC(N)=O,0.18253968253968253,Cc1ccc(C2CCCC2N)cc1;NCc1ccc(F)cc1Cl;R66;C=CC(O)C=C;R56;CCOC(=O)C(C=O)CC(C)=O;R43;CC(N)=O;R94;NNC1CC1;R14,5,,,
CC1=NN(CC=Cc2cc(F)ccc2[C@H]2CCC[C@@H]2N)C2=NN=C[C@@H]12,C=CC(Oc1cc(F)ccc1CN(CC(CC(C)=O)C(=O)CC(=O)Br)c1ncnc2c1ncn2C1CCCC1c1ccc(C)cc1)C(=C)c1cc(F)ccc1C1CC1,0.18181818181818182,Cc1ccc(C2CCCC2N)cc1;NCc1ccc(F)cc1Cl;R66;C=CC(O)C=C;R56;CCOC(=O)C(C=O)CC(C)=O;R43;CC(=O)Br;R94;Fc1ccc(C2CC2)c(Br)c1;R96,5,,,
CC1=NN(CC=Cc2cc(F)ccc2[C@H]2CCC[C@@H]2N)C2=NN=C[C@@H]12,C=CC(Oc1cc(F)ccc1CN(c1ncnc2c1ncn2C1CCCC1c1ccc(C)cc1)C(C)CC(C=O)C(=O)CC(=O)Br)C(=C)c1cc(F)ccc1C1CC1,0.18181818181818182,Cc1ccc(C2CCCC2N)cc1;NCc1ccc(F)cc1Cl;R66;C=CC(O)C=C;R56;CCOC(=O)C(C=O)CC(C)=O;R43;CC(=O)Br;R94;Fc1ccc(C2CC2)c(Br)c1;R96,5,,,
CC1=NN(CC=Cc2cc(F)ccc2[C@H]2CCC[C@@H]2N)C2=NN=C[C@@H]12,C=CC(C=C)Oc1cc(F)ccc1Cn1cnc2c(N(C(C)CC(C(=O)CC(=O)Br)C(O)c3cc(F)ccc3C3CC3)C3CCCC3c3ccc(C)cc3)ncnc21,0.18181818181818182,Cc1ccc(C2CCCC2N)cc1;NCc1ccc(F)cc1Cl;R66;C=CC(O)C=C;R56;CCOC(=O)C(C=O)CC(C)=O;R43;CC(=O)Br;R94;Fc1ccc(C2CC2)c(Br)c1;R98,5,,,
CC1=NN(CC=Cc2cc(F)ccc2[C@H]2CCC[C@@H]2N)C2=NN=C[C@@H]12,C=CC(C=C)Oc1cc(F)ccc1CN(CC(CC(C)(O)c1cc(F)ccc1C1CC1)C(=O)CC(=O)Br)c1ncnc2c1ncn2C1CCCC1c1ccc(C)cc1,0.18181818181818182,Cc1ccc(C2CCCC2N)cc1;NCc1ccc(F)cc1Cl;R66;C=CC(O)C=C;R56;CCOC(=O)C(C=O)CC(C)=O;R43;CC(=O)Br;R94;Fc1ccc(C2CC2)c(Br)c1;R98,5,,,
CC1=NN(CC=Cc2cc(F)ccc2[C@H]2CCC[C@@H]2N)C2=NN=C[C@@H]12,C=CC(C=C)Oc1cc(F)ccc1CN(c1ncnc2c1ncn2C1CCCC1c1ccc(C)cc1)C(C)CC(C=O)C(O)(CC(=O)Br)c1cc(F)ccc1C1CC1,0.18181818181818182,Cc1ccc(C2CCCC2N)cc1;NCc1ccc(F)cc1Cl;R66;C=CC(O)C=C;R56;CCOC(=O)C(C=O)CC(C)=O;R43;CC(=O)Br;R94;Fc1ccc(C2CC2)c(Br)c1;R98,5,,,
CC1=NN(CC=Cc2cc(F)ccc2[C@H]2CCC[C@@H]2N)C2=NN=C[C@@H]12,C=CC(C=C)Oc1cc(F)ccc1CN(CC(CC(C)=O)C(O)(CC(=O)Br)c1cc(F)ccc1C1CC1)c1ncnc2c1ncn2C1CCCC1c1ccc(C)cc1,0.18181818181818182,Cc1ccc(C2CCCC2N)cc1;NCc1ccc(F)cc1Cl;R66;C=CC(O)C=C;R56;CCOC(=O)C(C=O)CC(C)=O;R43;CC(=O)Br;R94;Fc1ccc(C2CC2)c(Br)c1;R98,5,,,
CC1=NN(CC=Cc2cc(F)ccc2[C@H]2CCC[C@@H]2N)C2=NN=C[C@@H]12,C=CC(C=C)Oc1cc(F)ccc1CN(c1ncnc2c1ncn2C1CCCC1c1ccc(C)cc1)C(C)CC(C=O)C(=O)CC(=O)C(C)(C(=O)O)N(N)CC,0.18181818181818182,Cc1ccc(C2CCCC2N)cc1;NCc1ccc(F)cc1Cl;R66;C=CC(O)C=C;R56;CCOC(=O)C(C=O)CC(C)=O;R43;CC(=O)C(C)=O;R94;CCNN;R71,5,,,
CC1=NN(CC=Cc2cc(F)ccc2[C@H]2CCC[C@@H]2N)C2=NN=C[C@@H]12,C=CC(C=C)Oc1cc(F)ccc1CN(CC(CC(C)=O)C(=O)CC(=O)C(C)(C(=O)O)N(N)CC)c1ncnc2c1ncn2C1CCCC1c1ccc(C)cc1,0.18181818181818182,Cc1ccc(C2CCCC2N)cc1;NCc1ccc(F)cc1Cl;R66;C=CC(O)C=C;R56;CCOC(=O)C(C=O)CC(C)=O;R43;CC(=O)C(C)=O;R94;CCNN;R71,5,,,
CC1=NN(CC=Cc2cc(F)ccc2[C@H]2CCC[C@@H]2N)C2=NN=C[C@@H]12,C=CC(C=C)Oc1cc(F)ccc1Cn1cnc2c(N(C(C)Cc3cnn(C4CCC4)c3CC(N)=O)C3CCCC3c3ccc(C)cc3)ncnc21,0.18110236220472442,Cc1ccc(C2CCCC2N)cc1;NCc1ccc(F)cc1Cl;R66;C=CC(O)C=C;R56;CCOC(=O)C(C=O)CC(C)=O;R43;CC(N)=O;R94;NNC1CCC1;R14,5,,,
CC1=NN(CC=Cc2cc(F)ccc2[C@H]2CCC[C@@H]2N)C2=NN=C[C@@H]12,C=CC(C=C)Oc1cc(F)ccc1Cn1cnc2c(N(C(C)Cc3cn(C4CCC4)nc3CC(N)=O)C3CCCC3c3ccc(C)cc3)ncnc21,0.18110236220472442,Cc1ccc(C2CCCC2N)cc1;NCc1ccc(F)cc1Cl;R66;C=CC(O)C=C;R56;CCOC(=O)C(C=O)CC(C)=O;R43;CC(N)=O;R94;NNC1CCC1;R14,5,,,
CC1=NN(CC=Cc2cc(F)ccc2[C@H]2CCC[C@@H]2N)C2=NN=C[C@@H]12,C=CC(C=C)Oc1cc(F)ccc1CN(c1ncnc2c1ncn2C1CCCC1c1ccc(C)cc1)C(C)Cc1cn(C2CCCC2)nc1CC(N)=O,0.18110236220472442,Cc1ccc(C2CCCC2N)cc1;NCc1ccc(F)cc1Cl;R66;C=CC(O)C=C;R56;CCOC(=O)C(C=O)CC(C)=O;R43;CC(N)=O;R94;NNC1CCCC1;R14,5,,,
CC1=NN(CC=Cc2cc(F)ccc2[C@H]2CCC[C@@H]2N)C2=NN=C[C@@H]12,C=CC(C=C)Oc1cc(F)ccc1CN(c1ncnc2c1ncn2C1CCCC1c1ccc(C)cc1)C(C)Cc1cn(CC)nc1CC(=O)C(C)=O,0.18110236220472442,Cc1ccc(C2CCCC2N)cc1;NCc1ccc(F)cc1Cl;R66;C=CC(O)C=C;R56;CCOC(=O)C(C=O)CC(C)=O;R43;CC(=O)C(C)=O;R94;CCNN;R14,5,,,
CC1=NN(CC=Cc2cc(F)ccc2[C@H]2CCC[C@@H]2N)C2=NN=C[C@@H]12,C=CC(C=C)Oc1cc(F)ccc1CN(c1ncnc2c1ncn2C1CCCC1c1ccc(C)cc1)C(C)Cc1cnn(C2CCCCC2)c1CC(N)=O,0.18110236220472442,Cc1ccc(C2CCCC2N)cc1;NCc1ccc(F)cc1Cl;R66;C=CC(O)C=C;R56;CCOC(=O)C(C=O)CC(C)=O;R43;CC(N)=O;R94;NNC1CCCCC1;R14,5,,,
CC1=NN(CC=Cc2cc(F)ccc2[C@H]2CCC[C@@H]2N)C2=NN=C[C@@H]12,C=CC(C=C)Oc1cc(F)ccc1CN(c1ncnc2c1ncn2C1CCCC1c1ccc(C)cc1)C(C)Cc1cnn(C2CCCCCCC2)c1CC(N)=O,0.18110236220472442,Cc1ccc(C2CCCC2N)cc1;NCc1ccc(F)cc1Cl;R66;C=CC(O)C=C;R56;CCOC(=O)C(C=O)CC(C)=O;R43;CC(N)=O;R94;NNC1CCCCCCC1;R14,5,,,
CC1=NN(CC=Cc2cc(F)ccc2[C@H]2CCC[C@@H]2N)C2=NN=C[C@@H]12,C=CC(C=C)Oc1cc(F)ccc1CN(c1ncnc2c1ncn2C1CCCC1c1ccc(C)cc1)C(C)Cc1cnn(C2CCCCCC2)c1CC(N)=O,0.18110236220472442,Cc1ccc(C2CCCC2N)cc1;NCc1ccc(F)cc1Cl;R66;C=CC(O)C=C;R56;CCOC(=O)C(C=O)CC(C)=O;R43;CC(N)=O;R94;NNC1CCCCCC1;R14,5,,,
CC1=NN(CC=Cc2cc(F)ccc2[C@H]2CCC[C@@H]2N)C2=NN=C[C@@H]12,C=CC(C=C)Oc1cc(F)ccc1Cn1cnc2c(N(C(C)Cc3cnn(C4CC4)c3CC(N)=O)C3CCCC3c3ccc(C)cc3)ncnc21,0.18110236220472442,Cc1ccc(C2CCCC2N)cc1;NCc1ccc(F)cc1Cl;R66;C=CC(O)C=C;R56;CCOC(=O)C(C=O)CC(C)=O;R43;CC(N)=O;R94;NNC1CC1;R14,5,,,
CC1=NN(CC=Cc2cc(F)ccc2[C@H]2CCC[C@@H]2N)C2=NN=C[C@@H]12,C=CC(C=C)Oc1cc(F)ccc1Cn1cnc2c(N(C(C)Cc3cn(C4CC4)nc3CC(N)=O)C3CCCC3c3ccc(C)cc3)ncnc21,0.18110236220472442,Cc1ccc(C2CCCC2N)cc1;NCc1ccc(F)cc1Cl;R66;C=CC(O)C=C;R56;CCOC(=O)C(C=O)CC(C)=O;R43;CC(N)=O;R94;NNC1CC1;R14,5,,,
CC1=NN(CC=Cc2cc(F)ccc2[C@H]2CCC[C@@H]2N)C2=NN=C[C@@H]12,C=CC(C=Cc1cc(F)ccc1NN)Oc1cc(F)ccc1Cn1cnc2c(N(C(C)CC(C=CC(=O)c3ccccc3C(C)=O)C(=O)OCC)C3CCCC3c3ccc(C)cc3)ncnc21,0.18055555555555555,Cc1ccc(C2CCCC2N)cc1;NCc1ccc(F)cc1Cl;R66;C=CC(O)C=C;R56;CCOC(=O)C(C=O)CC(C)=O;R43;CC(=O)c1ccccc1C(C)=O;R3;NNc1ccc(F)cc1Br;R96,5,,,
CC1=NN(CC=Cc2cc(F)ccc2[C@H]2CCC[C@@H]2N)C2=NN=C[C@@H]12,C=CC(Oc1cc(F)ccc1Cn1cnc2c(N(CC(CC(C)=O)C(=O)CC(=O)Br)C3CCCC3c3ccc(C)cc3)ncnc21)C(=C)c1cc(F)ccc1C1CC1,0.18045112781954886,Cc1ccc(C2CCCC2N)cc1;NCc1ccc(F)cc1Cl;R66;C=CC(O)C=C;R56;CCOC(=O)C(C=O)CC(C)=O;R43;CC(=O)Br;R94;Fc1ccc(C2CC2)c(Br)c1;R96,5,,,
CC1=NN(CC=Cc2cc(F)ccc2[C@H]2CCC[C@@H]2N)C2=NN=C[C@@H]12,C=CC(C=C)Oc1cc(F)ccc1Cn1cnc2c(N(CC(CC(C)=O)C(O)(CC(=O)Br)c3cc(F)ccc3C3CC3)C3CCCC3c3ccc(C)cc3)ncnc21,0.18045112781954886,Cc1ccc(C2CCCC2N)cc1;NCc1ccc(F)cc1Cl;R66;C=CC(O)C=C;R56;CCOC(=O)C(C=O)CC(C)=O;R43;CC(=O)Br;R94;Fc1ccc(C2CC2)c(Br)c1;R98,5,,,
CC1=NN(CC=Cc2cc(F)ccc2[C@H]2CCC[C@@H]2N)C2=NN=C[C@@H]12,C=CC(C=C)Oc1cc(F)ccc1Cn1cnc2c(N(CC(CC(C)(O)c3cc(F)ccc3C3CC3)C(=O)CC(=O)Br)C3CCCC3c3ccc(C)cc3)ncnc21,0.18045112781954886,Cc1ccc(C2CCCC2N)cc1;NCc1ccc(F)cc1Cl;R66;C=CC(O)C=C;R56;CCOC(=O)C(C=O)CC(C)=O;R43;CC(=O)Br;R94;Fc1ccc(C2CC2)c(Br)c1;R98,5,,,
CC1=NN(CC=Cc2cc(F)ccc2[C@H]2CCC[C@@H]2N)C2=NN=C[C@@H]12,C=CC(C=C)Oc1cc(F)ccc1Cn1cnc2c(N(CC(CC(C)=O)C(=O)CC(=O)C(C)(C(=O)O)N(N)CC)C3CCCC3c3ccc(C)cc3)ncnc21,0.18045112781954886,Cc1ccc(C2CCCC2N)cc1;NCc1ccc(F)cc1Cl;R66;C=CC(O)C=C;R56;CCOC(=O)C(C=O)CC(C)=O;R43;CC(=O)C(C)=O;R94;CCNN;R71,5,,,
CC1=NN(CC=Cc2cc(F)ccc2[C@H]2CCC[C@@H]2N)C2=NN=C[C@@H]12,C=CC(C=C)Oc1cc(F)ccc1CN(c1ncnc2c1ncn2C1CCCC1c1ccc(C)cc1)C(C)(CC(C(=O)NC(C)(C)C)C(O)c1cc(F)ccc1C1CC1)C(=O)O,0.18045112781954886,Cc1ccc(C2CCCC2N)cc1;NCc1ccc(F)cc1Cl;R66;C=CC(O)C=C;R56;CCOC(=O)C(C=O)CC(C)=O;R71;CC(C)(C)N;R49;Fc1ccc(C2CC2)c(Br)c1;R98,5,,,
CC1=NN(CC=Cc2cc(F)ccc2[C@H]2CCC[C@@H]2N)C2=NN=C[C@@H]12,C=CC(C=C)Oc1cc(F)ccc1CN(c1ncnc2c1ncn2C1CCCC1c1ccc(C)cc1)C(C)CC(C=NNC1CCC1)C(=O)CC(N)=O,0.1796875,Cc1ccc(C2CCCC2N)cc1;NCc1ccc(F)cc1Cl;R66;C=CC(O)C=C;R56;CCOC(=O)C(C=O)CC(C)=O;R43;CC(N)=O;R94;NNC1CCC1;R2,5,,,
CC1=NN(CC=Cc2cc(F)ccc2[C@H]2CCC[C@@H]2N)C2=NN=C[C@@H]12,C=CC(C=C)Oc1cc(F)ccc1Cn1cnc2c(N(C(C)Cc3cnn(C4CCCC4)c3CC(N)=O)C3CCCC3c3ccc(C)cc3)ncnc21,0.1796875,Cc1ccc(C2CCCC2N)cc1;NCc1ccc(F)cc1Cl;R66;C=CC(O)C=C;R56;CCOC(=O)C(C=O)CC(C)=O;R43;CC(N)=O;R94;NNC1CCCC1;R14,5,,,
CC1=NN(CC=Cc2cc(F)ccc2[C@H]2CCC[C@@H]2N)C2=NN=C[C@@H]12,C=CC(C=C)Oc1cc(F)ccc1Cn1cnc2c(N(C(C)Cc3cn(C4CCCC4)nc3CC(N)=O)C3CCCC3c3ccc(C)cc3)ncnc21,0.1796875,Cc1ccc(C2CCCC2N)cc1;NCc1ccc(F)cc1Cl;R66;C=CC(O)C=C;R56;CCOC(=O)C(C=O)CC(C)=O;R43;CC(N)=O;R94;NNC1CCCC1;R14,5,,,
CC1=NN(CC=Cc2cc(F)ccc2[C@H]2CCC[C@@H]2N)C2=NN=C[C@@H]12,C=CC(C=C)Oc1cc(F)ccc1Cn1cnc2c(N(C(C)Cc3cn(CC)nc3CC(=O)C(C)=O)C3CCCC3c3ccc(C)cc3)ncnc21,0.1796875,Cc1ccc(C2CCCC2N)cc1;NCc1ccc(F)cc1Cl;R66;C=CC(O)C=C;R56;CCOC(=O)C(C=O)CC(C)=O;R43;CC(=O)C(C)=O;R94;CCNN;R14,5,,,
CC1=NN(CC=Cc2cc(F)ccc2[C@H]2CCC[C@@H]2N)C2=NN=C[C@@H]12,C=CC(C=C)Oc1cc(F)ccc1CN(c1ncnc2c1ncn2C1CCCC1c1ccc(C)cc1)C(C)Cc1cn(C2CCCCC2)nc1CC(N)=O,0.1796875,Cc1ccc(C2CCCC2N)cc1;NCc1ccc(F)cc1Cl;R66;C=CC(O)C=C;R56;CCOC(=O)C(C=O)CC(C)=O;R43;CC(N)=O;R94;NNC1CCCCC1;R14,5,,,
CC1=NN(CC=Cc2cc(F)ccc2[C@H]2CCC[C@@H]2N)C2=NN=C[C@@H]12,C=CC(C=C)Oc1cc(F)ccc1CN(c1ncnc2c1ncn2C1CCCC1c1ccc(C)cc1)C(C)Cc1cn(C2CCCCCCC2)nc1CC(N)=O,0.1796875,Cc1ccc(C2CCCC2N)cc1;NCc1ccc(F)cc1Cl;R66;C=CC(O)C=C;R56;CCOC(=O)C(C=O)CC(C)=O;R43;CC(N)=O;R94;NNC1CCCCCCC1;R14,5,,,
CC1=NN(CC=Cc2cc(F)ccc2[C@H]2CCC[C@@H]2N)C2=NN=C[C@@H]12,C=CC(C=C)Oc1cc(F)ccc1CN(c1ncnc2c1ncn2C1CCCC1c1ccc(C)cc1)C(C)Cc1cn(C2CCCCCC2)nc1CC(N)=O,0.1796875,Cc1ccc(C2CCCC2N)cc1;NCc1ccc(F)cc1Cl;R66;C=CC(O)C=C;R56;CCOC(=O)C(C=O)CC(C)=O;R43;CC(N)=O;R94;NNC1CCCCCC1;R14,5,,,
CC1=NN(CC=Cc2cc(F)ccc2[C@H]2CCC[C@@H]2N)C2=NN=C[C@@H]12,C=CC(C=C)Oc1cc(F)ccc1CN(c1ncnc2c1ncn2C1CCCC1c1ccc(C)cc1)C(C)CC(C=NNC1CC1)C(=O)CC(N)=O,0.1796875,Cc1ccc(C2CCCC2N)cc1;NCc1ccc(F)cc1Cl;R66;C=CC(O)C=C;R56;CCOC(=O)C(C=O)CC(C)=O;R43;CC(N)=O;R94;NNC1CC1;R2,5,,,
CC1=NN(CC=Cc2cc(F)ccc2[C@H]2CCC[C@@H]2N)C2=NN=C[C@@H]12,C=CC(Oc1cc(F)ccc1Cn1cnc2c(N(C(C)CC(C=O)C(=O)CC(=O)Br)C3CCCC3c3ccc(C)cc3)ncnc21)C(=C)c1cc(F)ccc1C1CC1,0.1791044776119403,Cc1ccc(C2CCCC2N)cc1;NCc1ccc(F)cc1Cl;R66;C=CC(O)C=C;R56;CCOC(=O)C(C=O)CC(C)=O;R43;CC(=O)Br;R94;Fc1ccc(C2CC2)c(Br)c1;R96,5,,,
CC1=NN(CC=Cc2cc(F)ccc2[C@H]2CCC[C@@H]2N)C2=NN=C[C@@H]12,C=CC(C=C)Oc1cc(F)ccc1Cn1cnc2c(N(C(C)CC(C=O)C(O)(CC(=O)Br)c3cc(F)ccc3C3CC3)C3CCCC3c3ccc(C)cc3)ncnc21,0.1791044776119403,Cc1ccc(C2CCCC2N)cc1;NCc1ccc(F)cc1Cl;R66;C=CC(O)C=C;R56;CCOC(=O)C(C=O)CC(C)=O;R43;CC(=O)Br;R94;Fc1ccc(C2CC2)c(Br)c1;R98,5,,,
CC1=NN(CC=Cc2cc(F)ccc2[C@H]2CCC[C@@H]2N)C2=NN=C[C@@H]12,C=CC(C=C)Oc1cc(F)ccc1Cn1cnc2c(N(C(C)CC(C=O)C(=O)CC(=O)C(C)(C(=O)O)N(N)CC)C3CCCC3c3ccc(C)cc3)ncnc21,0.1791044776119403,Cc1ccc(C2CCCC2N)cc1;NCc1ccc(F)cc1Cl;R66;C=CC(O)C=C;R56;CCOC(=O)C(C=O)CC(C)=O;R43;CC(=O)C(C)=O;R94;CCNN;R71,5,,,
CC1=NN(CC=Cc2cc(F)ccc2[C@H]2CCC[C@@H]2N)C2=NN=C[C@@H]12,C=CC(C=C)Oc1cc(F)ccc1Cn1cnc2c(N(C3CCCC3c3ccc(C)cc3)C(C)(CC(C(=O)NC(C)(C)C)C(O)c3cc(F)ccc3C3CC3)C(=O)O)ncnc21,0.1791044776119403,Cc1ccc(C2CCCC2N)cc1;NCc1ccc(F)cc1Cl;R66;C=CC(O)C=C;R56;CCOC(=O)C(C=O)CC(C)=O;R71;CC(C)(C)N;R49;Fc1ccc(C2CC2)c(Br)c1;R98,5,,,
CC1=NN(CC=Cc2cc(F)ccc2[C@H]2CCC[C@@H]2N)C2=NN=C[C@@H]12,C=CC(C=Cc1cc(F)ccc1F)Oc1cc(F)ccc1CN(CC(CC(C)=O)C(=O)CC(=O)C1=NC(=O)CC=N1)c1ncnc2c1ncn2C1CCCC1c1ccc(C)cc1,0.17857142857142858,Cc1ccc(C2CCCC2N)cc1;NCc1ccc(F)cc1Cl;R66;C=CC(O)C=C;R56;CCOC(=O)C(C=O)CC(C)=O;R43;CC(=O)C1=NC(=O)CC=N1;R94;Fc1ccc(F)c(I)c1;R96,5,,,
CC1=NN(CC=Cc2cc(F)ccc2[C@H]2CCC[C@@H]2N)C2=NN=C[C@@H]12,C=CC(C=Cc1cc(F)ccc1F)Oc1cc(F)ccc1CN(c1ncnc2c1ncn2C1CCCC1c1ccc(C)cc1)C(C)CC(C=O)C(=O)CC(=O)C1=NC(=O)CC=N1,0.17857142857142858,Cc1ccc(C2CCCC2N)cc1;NCc1ccc(F)cc1Cl;R66;C=CC(O)C=C;R56;CCOC(=O)C(C=O)CC(C)=O;R43;CC(=O)C1=NC(=O)CC=N1;R94;Fc1ccc(F)c(I)c1;R96,5,,,
CC1=NN(CC=Cc2cc(F)ccc2[C@H]2CCC[C@@H]2N)C2=NN=C[C@@H]12,C=CC(C=Cc1cc(F)ccc1C)Oc1cc(F)ccc1CN(CC(CC(C)=O)C(=O)CC(=O)C1=NC(=O)CC=N1)c1ncnc2c1ncn2C1CCCC1c1ccc(C)cc1,0.17857142857142858,Cc1ccc(C2CCCC2N)cc1;NCc1ccc(F)cc1Cl;R66;C=CC(O)C=C;R56;CCOC(=O)C(C=O)CC(C)=O;R43;CC(=O)C1=NC(=O)CC=N1;R94;Cc1ccc(F)cc1I;R96,5,,,
CC1=NN(CC=Cc2cc(F)ccc2[C@H]2CCC[C@@H]2N)C2=NN=C[C@@H]12,C=CC(C=Cc1cc(F)ccc1C)Oc1cc(F)ccc1CN(c1ncnc2c1ncn2C1CCCC1c1ccc(C)cc1)C(C)CC(C=O)C(=O)CC(=O)C1=NC(=O)CC=N1,0.17857142857142858,Cc1ccc(C2CCCC2N)cc1;NCc1ccc(F)cc1Cl;R66;C=CC(O)C=C;R56;CCOC(=O)C(C=O)CC(C)=O;R43;CC(=O)C1=NC(=O)CC=N1;R94;Cc1ccc(F)cc1I;R96,5,,,
CC1=NN(CC=Cc2cc(F)ccc2[C@H]2CCC[C@@H]2N)C2=NN=C[C@@H]12,C=CC(C=C)Oc1cc(F)ccc1CN(c1ncnc2c1ncn2C1CCCC1c1ccc(C)cc1)C(C)CC(C=NNC1CCCC1)C(=O)CC(N)=O,0.17829457364341086,Cc1ccc(C2CCCC2N)cc1;NCc1ccc(F)cc1Cl;R66;C=CC(O)C=C;R56;CCOC(=O)C(C=O)CC(C)=O;R43;CC(N)=O;R94;NNC1CCCC1;R2,5,,,
CC1=NN(CC=Cc2cc(F)ccc2[C@H]2CCC[C@@H]2N)C2=NN=C[C@@H]12,C=CC(C=C)Oc1cc(F)ccc1Cn1cnc2c(N(C(C)Cc3cn(C4CCCCC4)nc3CC(N)=O)C3CCCC3c3ccc(C)cc3)ncnc21,0.17829457364341086,Cc1ccc(C2CCCC2N)cc1;NCc1ccc(F)cc1Cl;R66;C=CC(O)C=C;R56;CCOC(=O)C(C=O)CC(C)=O;R43;CC(N)=O;R94;NNC1CCCCC1;R14,5,,,
CC1=NN(CC=Cc2cc(F)ccc2[C@H]2CCC[C@@H]2N)C2=NN=C[C@@H]12,C=CC(C=C)Oc1cc(F)ccc1Cn1cnc2c(N(C(C)Cc3cnn(C4CCCCC4)c3CC(N)=O)C3CCCC3c3ccc(C)cc3)ncnc21,0.17829457364341086,Cc1ccc(C2CCCC2N)cc1;NCc1ccc(F)cc1Cl;R66;C=CC(O)C=C;R56;CCOC(=O)C(C=O)CC(C)=O;R43;CC(N)=O;R94;NNC1CCCCC1;R14,5,,,
CC1=NN(CC=Cc2cc(F)ccc2[C@H]2CCC[C@@H]2N)C2=NN=C[C@@H]12,C=CC(C=C)Oc1cc(F)ccc1Cn1cnc2c(N(C(C)Cc3cn(C4CCCCCCC4)nc3CC(N)=O)C3CCCC3c3ccc(C)cc3)ncnc21,0.17829457364341086,Cc1ccc(C2CCCC2N)cc1;NCc1ccc(F)cc1Cl;R66;C=CC(O)C=C;R56;CCOC(=O)C(C=O)CC(C)=O;R43;CC(N)=O;R94;NNC1CCCCCCC1;R14,5,,,
